"Lnc/ CircRNA name","Cancer name","Methods","Expression pattern","Mechanism","Function","Clinical","Pubmed ID","Details","Box Plot","Stage Plot","Survival","Similar","Network"
"AB209630","pancreatic cancer","qRT-PCR etc.","up-regulated","","","","31147453","details","","","","",""
"AB209630","pancreatic ductal adenocarcinoma","qPCR, Western blot","down-regulated","","","","29526843","details","","","","",""
"ABHD11-AS1","pancreatic cancer","qPCR, Western blot, in vitro knockdown, etc.","up-regulated","","","","30575903","details","","","","",""
"ABHD11-AS1","pancreatic cancer","qPCR","up-regulated","","","","31333792","details","","","","",""
"ADARB2-AS1","Intraductal Papillary Mucinous Neoplasms of the Pancreas","qPCR etc.","differential expression","","","","28874676","details","","","","",""
"ADPGK-AS1","pancreatic cancer","Microarray, qPCR, Western blot etc.","up-regulated","","","","29667486","details","","","","",""
"AF075041","pancreatic cancer","qPCR etc.","up-regulated","","","","26045769","details","","","","",""
"AF339813","pancreatic cancer","qPCR, RNAi, Western blot etc.","up-regulated","","","","26045769","details","","","","",""
"AFAP1-AS1","pancreatic cancer","qPCR, Western blo, Luciferase reporter assay, other","down-regulated","","","","30206930","details","","","","",""
"AFAP1-AS1","pancreatic ductal adenocarcinoma","qPCR etc.","up-regulated","","","","25925763","details","","","","",""
"AFAP1-AS1","pancreatic ductal adenocarcinoma","Microarray, qPCR, Cell proliferation assay etc.","up-regulated","","","","27628540","details","","","","",""
"AGAP2-AS1","pancreatic cancer","qPCR, RNA-seq","up-regulated","","","","30814490","details","","","","",""
"AK022029","pancreatic cancer","qPCR etc.","up-regulated","","","","26045769","details","","","","",""
"AK022159","pancreatic cancer","qPCR etc.","up-regulated","","","","26045769","details","","","","",""
"AL389956","pancreatic cancer","qPCR etc.","up-regulated","","","","26045769","details","","","","",""
"ANRIL","pancreatic cancer","Luciferase, etc.","differentially expressed","","","","30604909","details","","","","",""
"ANRIL","Intraductal Papillary Mucinous Neoplasms of the Pancreas","qPCR, etc.","differential expression","","","","28874676","details","","","","",""
"ANRIL","pancreatic cancer","qPCR, Cell transfection, Western blot, Cell migration and invasion assay etc.","up-regulated","","","","28344092","details","","","","",""
"AP000221.1","pancreatic cancer","Microarray, qPCR etc.","up-regulated","","","","25755691","details","","","","",""
"ASHGA5P014130","pancreatic ductal adenocarcinoma","Microarray, qPCR etc.","up-regulated","","","","26676849","details","","","","",""
"ASHGA5P014632","pancreatic ductal adenocarcinoma","Microarray, qPCR etc.","up-regulated","","","","26676849","details","","","","",""
"ASHGA5P016768","pancreatic ductal adenocarcinoma","Microarray, qPCR etc.","up-regulated","","","","26676849","details","","","","",""
"ASHGA5P017734","pancreatic ductal adenocarcinoma","Microarray, qPCR etc.","down-regulated","","","","26676849","details","","","","",""
"ASHGA5P018902","pancreatic ductal adenocarcinoma","Microarray, qPCR etc.","down-regulated","","","","26676849","details","","","","",""
"ASHGA5P022276","pancreatic ductal adenocarcinoma","Microarray, qPCR etc.","up-regulated","","","","26676849","details","","","","",""
"ASHGA5P028603","pancreatic ductal adenocarcinoma","Microarray, qPCR etc.","up-regulated","","","","26676849","details","","","","",""
"ASHGA5P029774","pancreatic ductal adenocarcinoma","Microarray, qPCR etc.","up-regulated","","","","26676849","details","","","","",""
"ASHGA5P032173","pancreatic ductal adenocarcinoma","Microarray, qPCR etc.","up-regulated","","","","26676849","details","","","","",""
"ASHGA5P036884","pancreatic ductal adenocarcinoma","Microarray, qPCR etc.","up-regulated","","","","26676849","details","","","","",""
"ASHGA5P039672","pancreatic ductal adenocarcinoma","Microarray, qPCR etc.","down-regulated","","","","26676849","details","","","","",""
"ASHGA5P043753","pancreatic ductal adenocarcinoma","Microarray, qPCR etc.","up-regulated","","","","26676849","details","","","","",""
"ASHGA5P044524","pancreatic ductal adenocarcinoma","Microarray, qPCR etc.","down-regulated","","","","26676849","details","","","","",""
"ASHGA5P051732","pancreatic ductal adenocarcinoma","Microarray, qPCR etc.","up-regulated","","","","26676849","details","","","","",""
"ASHGA5P055771","pancreatic ductal adenocarcinoma","Microarray, qPCR etc.","down-regulated","","","","26676849","details","","","","",""
"BANCR","pancreatic cancer","qPCR, Western blot etc.","up-regulated","","","","31769353","details","","","","",""
"BC008363","pancreatic ductal adenocarcinoma","Microarray, qPCR etc.","down-regulated","","","","25200694","details","","","","",""
"BC023629","pancreatic cancer","qPCR etc.","up-regulated","","","","26045769","details","","","","",""
"BC032020","pancreatic ductal adenocarcinoma","qPCR, Western blot, in vitro knockdown etc.","down-regulated","","","","29532883","details","","","","",""
"BX111","pancreatic cancer","Microarray, qPCR, Western blot, Luciferase reporter assay, in vitro knockdown, RIP","up-regulated","","","","29970904","details","","","","",""
"CASC2","pancreatic cancer","qRT-PCR, Western blot","up-regulated","","","","32104955","details","","","","",""
"CASC2","pancreatic cancer","Dual luciferase reporter assay, RT-qPCR, Western blotting","down-regulated","","","","31894271","details","","","","",""
"CASC2","Pancreatic cancer","qPCR, Western blot, Luciferase reporter assay, etc.","down-regulated","","","","30675129","details","","","","",""
"CASC2","pancreatic cancer","qPCR, Western blot, Luciferase reporter assay , ChIP etc.","down-regulated","","","","28865121","details","","","","",""
"CASC9","pancreatic ductal adenocarcinoma","Microarray, qPCR, RNAi, MTT assay etc.","up-regulated","","","","28220683","details","","","","",""
"CCAT1","pancreatic cancer","qPCR, RNAi, Western blot, RIP, ChIP, Cell proliferation assay etc.","up-regulated","","","","28078015","details","","","","",""
"CCAT2","pancreatic ductal adenocarcinoma","qRT-PCR, Western blot, Luciferase reporter assay","up-regulated","","","","29298720","details","","","","",""
"CCDC26","pancreatic cancer","qPCR, RNAi, Western blot, Cell proliferation assay etc.","up-regulated","","","","27470572","details","","","","",""
"circ_0001649","Pancreatic Ductal Adenocarcinoma","qPCR, other","down-regulated","","","","29969694","details","","","","",""
"circ_0003176","pancreatic cancer","qPCR, western blot","differential expressed","","","","30570107","details","","","","",""
"circ_0006215","Pancreatic Cancer","qPCR, western blot, other","up-regulated","","","","29930719","details","","","","",""
"circ_0007534","pancreatic ductal adenocarcinoma","RT-qPCR, CCK?8, Cell apoptosis and caspase?3/?9 activity assays, Transwell assays, Western blot assays, luciferase reporter assay","up-regulated","","","","30382592","details","","","","",""
"circ_001653","Pancreatic Ductal Adenocarcinoma","qPCR, luciferase reporter assay, Ago2 immunoprecipitation, and northern blot","up-regulated","","","","32193152","details","","","","",""
"circ_0030235","pancreatic ductal adenocarcinoma","Microarray, qPCR, luciferase reporter assay","up-regulated","","","","30591218","details","","","","",""
"circ_0048579","pancreatic cancer","qPCR, western blot","differential expressed","","","","30570107","details","","","","",""
"circ_0063706","pancreatic cancer","qPCR, western blot","differential expressed","","","","30570107","details","","","","",""
"circ_0071922","pancreatic cancer","qPCR, western blot","differential expressed","","","","30570107","details","","","","",""
"circ_0078989","pancreatic cancer","qPCR, western blot","differential expressed","","","","30570107","details","","","","",""
"circ_0079319","pancreatic cancer","qPCR, western blot","differential expressed","","","","30570107","details","","","","",""
"circ_0083080","pancreatic cancer","qPCR, western blot","differential expressed","","","","30570107","details","","","","",""
"circ_0089643","pancreatic cancer","qPCR, western blot","differential expressed","","","","30570107","details","","","","",""
"circ_0090372","pancreatic cancer","qPCR, western blot","differential expressed","","","","30570107","details","","","","",""
"circ_100782","pancreatic cancer","qPCR, Western blot, Luciferase reporter assay, in vitro knockdown","up-regulated","","","","29255366","details","","","","",""
"circASH2L","Pancreatic Ductal Adenocarcinoma","qPCR, RIP, FISH, Dual luciferase assays, RNA pulldown and western blot","up-regulated","","","","31718694","details","","","","",""
"circciRS-7","pancreatic cancer","qPCR, western blot","up-regulated","","","","30898507","details","","","","",""
"circFOXK2?","Pancreatic Ductal Adenocarcinoma","qPCR, Western blotting","up-regulated","","","","32217695","details","","","","",""
"circIRAS","pancreatic ductal adenocarcinoma","qPCR, western blot, luciferase reporter assay, Microarray, other","up-regulated","","","","30064461","details","","","","",""
"circLDLRAD3","pancreatic cancer","qPCR, wound healing assay and transwell invasion assay","up-regulated","","","","31521692","details","","","","",""
"circLDLRAD3","pancreatic cancer","qPCR","up-regulated","","","","29307994","details","","","","",""
"circNFIB1","pancreatic cancer","RNA pulldown, luciferase assays","down-regulated","","","","32366257","details","","","","",""
"circRHOT1","pancreatic cancer","qRT-PCR, CCK8 assay, colony formation assays, Cell migration & invasion assays, Fluorescence in situ hybridization","up-regulated","","","","30444423","details","","","","",""
"circZMYM2","pancreatic cancer","qPCR, luciferase reporter assay, western blot","up-regulated","","","","30537731","details","","","","",""
"CR619813","pancreatic cancer","Microarray, qPCR etc.","down-regulated","","","","25755691","details","","","","",""
"CRNDE","pancreatic cancer","qPCR, Luciferase reporter assay, Western blot","up-regulated","","","","28940804","details","","","","",""
"CRNDE","pancreatic ductal adenocarcinoma","Microarray, qPCR, Cell proliferation assay etc.","up-regulated","","","","27628540","details","","","","",""
"CTC-338M12.5","pancreatic cancer","Microarray, qPCR etc.","down-regulated","","","","25755691","details","","","","",""
"CUDR","pancreatic ductal adenocarcinoma","qPCR, Western blot, Microarray, other","up-regulated","","","","30272271","details","","","","",""
"DANCR","pancreatic cancer","qRT-PCR, Western blot","up-regulated","","","","31804607","details","","","","",""
"DANCR","pancreatic ductal adenocarcinoma","qPCR, Luciferase reporter assay, in vitro knockdown, etc.","up-regulated","","","","30519037","details","","","","",""
"DANCR","pancreatic cancer","qPCR, Western blot, Luciferase reporter assay","up-regulated","","","","31267381","details","","","","",""
"DANCR","Pancreatic Cancer","qPCR, Western blot, Luciferase reporter assay, in vitro knockdown","up-regulated","","","","31213582","details","","","","",""
"DAPK1","pancreatic ductal adenocarcinoma","Microarray, qPCR etc.","up-regulated","","","","22078386","details","","","","",""
"DDX6P","pancreatic cancer","Microarray, qPCR etc.","down-regulated","","","","25755691","details","","","","",""
"DGCR5","pancreatic ductal adenocarcinoma","qPCR","differential expression","","","","29207609","details","","","","",""
"DIO3OS","pancreatic cancer","qPCR, Western blot, Luciferase reporter assay, in vitro knockdown, RIP","up-regulated","","","","31384177","details","","","","",""
"DLEU1","pancreatic ductal adenocarcinoma","qPCR, Western blot, Luciferase reporter assay, other","up-regulated","","","","30382579","details","","","","",""
"DLEU2","pancreatic cancer","qPCR, Luciferase reporter assay, RIP","up-regulated","","","","30838724","details","","","","",""
"DLX6-AS1","pancreatic cancer","qRT-PCR , Luciferase reporter assay , Western blot , in vitro knockdown etc.","up-regulated","","","","31118816","details","","","","",""
"DLX6-AS1","pancreatic cancer","qPCR, Western blot, Luciferase reporter assay, RNAi, other","up-regulated","","","","30250401","details","","","","",""
"DNAH17-AS1","pancreatic cancer","qPCR, Western blot, luciferase reporter assay etc.","up-regulated","","","","32351291","details","","","","",""
"DUXAP10","pancreatic cancer","qPCR, in vitro knockdown etc.","up-regulated","","","","29286182","details","","","","",""
"DUXAP8","pancreatic cancer","qPCR, RIP, Western blot, other","up-regulated","","","","30367681","details","","","","",""
"ENSG00000218510","pancreatic ductal adenocarcinoma","Microarray, qPCR, Cell proliferation assay etc.","down-regulated","","","","27628540","details","","","","",""
"ENSG00000244649","pancreatic ductal adenocarcinoma","Microarray, qPCR, Cell proliferation assay etc.","up-regulated","","","","27628540","details","","","","",""
"ENSG00000254041.1","pancreatic ductal adenocarcinoma","RT-PCR, Western blot","up-regulated","","","","32090981","details","","","","",""
"ENST00000480739","pancreatic ductal adenocarcinoma","qPCR, Western blot, Luciferase reporter assay, ELISA etc.","down-regulated","","","","25314054","details","","","","",""
"EPIC1","pancreatic cancer","qRT-PCR, Western blotting, RIP","up-regulated","","","","31810603","details","","","","",""
"F11-AS1","pancreatic ductal adenocarcinoma","Microarray, qPCR etc.","down-regulated","","","","28220683","details","","","","",""
"FAM83H-AS1","pancreatic ductal adenocarcinoma","RNA-seq, qrT-PCR, Western blot","up-regulated","","","","29440233","details","","","","",""
"FEZF1-AS1","pancreatic ductal adenocarcinoma","Microarray, qRT-PCR, Western blot, Luciferase reporter assay, in vitro knockdown, RIP","up-regulated","","","","29348628","details","","","","",""
"GAS5","pancreatic cancer","Luciferase reporter assays, Western blots, RT-PCR, other","up-regulated","","","","30388621","details","","","","",""
"GAS5","pancreatic cancer","qPCR, Western blot, RIP","down-regulated","","","","29112934","details","","","","",""
"GAS5","pancreatic cancer","qPCR, Western blot, RIP","down-regulated","","","","29225772","details","","","","",""
"GAS5","pancreatic cancer","qPCR, Western blot etc.","down-regulated","","","","24026436","details","","","","",""
"GHET1","pancreatic cancer","qPCR etc.","up-regulated","","","","29228419","details","","","","",""
"GLIS3-AS1","Intraductal Papillary Mucinous Neoplasms of the Pancreas","qPCR etc.","differential expression","","","","28874676","details","","","","",""
"GLS-AS","pancreatic cancer","qPCR, Western blot, Luciferase reporter assay, in vitro knockdown, RIP, etc.","down-regulated","","","","30563888","details","","","","",""
"GSTM3TV2","pancreatic cancer","RNA-seq","differential expression","","","","31514732","details","","","","",""
"H19","pancreatic neuroendocrine tumor","qRT-PCR , RNA-seq , Western blot , RIP , in vitro knockdown etc.","up-regulated","","","","31117050","details","","","","",""
"H19","pancreatic cancer","qPCR, other","up-regulated","","","","30410672","details","","","","",""
"H19","Pancreatic ductal adenocarcinoma","qPCR, Luciferase reporter assay, RIP, etc.","up-regulated","","","","30474270","details","","","","",""
"H19","pancreatic cancer","Microarray, qPCR etc.","up-regulated","","","","29581580","details","","","","",""
"H19","pancreatic ductal adenocarcinoma","qPCR, Luciferase reporter assay, Western blot","up-regulated","","","","29344285","details","","","","",""
"H19","pancreatic ductal adenocarcinoma","qPCR, RNAi, Western blot etc.","up-regulated","","","","24920070","details","","","","",""
"H19","pancreatic ductal adenocarcinoma","qPCR, RNAi, Western blot etc.","up-regulated","","","","27573434","details","","","","",""
"HMGA2-AS1","pancreatic cancer","qRT-PCR","down-regulated","","","","32010621","details","","","","",""
"HMLINCRNA717","pancreatic cancer","qPCR etc.","down-regulated","","","","27338046","details","","","","",""
"HNRNPU","pancreatic ductal adenocarcinoma","qPCR, Microarray","up-regulated","","","","29657295","details","","","","",""
"HOST2","pancreatic cancer","qPCR, other","up-regulated","","","","30406400","details","","","","",""
"HOTAIR","pancreatic cancer","qPCR, other","up-regulated","","","","30464623","details","","","","",""
"HOTAIR","pancreatic cancer","qPCR etc.","up-regulated","","","","29201179","details","","","","",""
"HOTAIR","pancreatic cancer","qPCR etc.","up-regulated","","","","27028998","details","","","","",""
"HOTAIR","pancreatic ductal adenocarcinoma","qPCR, RNAi, ChIP, MTT assay etc.","differential expression","","","","27594424","details","","","","",""
"HOTAIR","pancreatic ductal adenocarcinoma","qPCR, RNAi, Western blot, Flow cytometry assay, Cell proliferation assay etc.","up-regulated","","","","26482614","details","","","","",""
"HOTAIR","pancreatic cancer","qPCR etc.","down-regulated","","","","28476883","details","","","","",""
"HOTAIR","pancreatic cancer","qPCR, RNAi, Luciferase reporter assay, in vitro knockdown etc.","up-regulated","","","","22614017","details","","","","",""
"HOTAIR","pancreatic cancer","qPCR, Western blot, Luciferase reporter assay","up-regulated","","","","28415631","details","","","","",""
"HOTAIR","pancreatic cancer","qPCR, RNAi, Western blot, Luciferase reporter assay etc.","up-regulated","","","","27895308","details","","","","",""
"HOTAIRM1","Pancreatic ductal adenocarcinoma","qPCR, Western blot, Luciferase reporter assay, in vitro knockdow, etc.","up-regulated","","","","30613920","details","","","","",""
"HOTAIRM1","pancreatic ductal adenocarcinoma","Microarray, qPCR etc.","up-regulated","","","","26676849","details","","","","",""
"HOTTIP","pancreatic cancer","qPCR, Western blot, Luciferase reporter assay, RIP etc.","up-regulated","","","","32280243","details","","","","",""
"HOTTIP","pancreatic cancer","qPCR, Western blot, RIP","up-regulated","","","","28947139","details","","","","",""
"HOTTIP","pancreatic cancer","Microarray, qPCR, RNAi, Western blot etc.","up-regulated","","","","25912306","details","","","","",""
"HOTTIP","pancreatic cancer","Microarray, qPCR, RNAi, Western blot, Cell growth assay, Cell cycle assay etc.","up-regulated","","","","25889214","details","","","","",""
"HOTTIP","pancreatic cancer","qPCR, Luciferase reporter assay","down-regulated","","","","28818070","details","","","","",""
"HOTTIP-005","pancreatic cancer","Microarray, qPCR etc.","up-regulated","","","","26447755","details","","","","",""
"HOXA","pancreatic cancer","qPCR, Western blot, in vitro knockdown","up-regulated","","","","29844833","details","","","","",""
"HOXA","pancreatic cancer","qPCR, western blot etc.","up-regulated","","","","29844833","details","","","","",""
"HOXA-AS2","pancreatic cancer","qPCR, RIP","up-regulated","","","","29312501","details","","","","",""
"HULC","pancreatic ductal adenocarcinoma","PCR","up-regulated","","","","31715081","details","","","","",""
"HULC","pancreatic cancer","qRT-PCR, Western blot assay","up-regulated","","","","31857775","details","","","","",""
"HULC","pancreatic cancer","qPCR, Western blot, etc.","up-regulated","","","","30593805","details","","","","",""
"HULC","pancreatic cancer","qPCR, RNAi etc.","up-regulated","","","","25412939","details","","","","",""
"IRAIN","pancreatic cancer","qPCR, RNAi, Western blot, Flow cytometry assay etc.","up-regulated","","","","27644252","details","","","","",""
"ITGB2-AS1","pancreatic ductal adenocarcinoma","Dual luciferase reporter assay, RIP, qRT-PCR, Western blot analysis","up-regulated","","","","31957875","details","","","","",""
"LINC-PINT","pancreatic cancer","qPCR, ISH etc.","down-regulated","","","","27708234","details","","","","",""
"LINC-ROR","pancreatic cancer","qPCR, RNAi, Western blot, Northern blot, Flow cytometry assay, FISH etc.","up-regulated","","","","26636540","details","","","","",""
"LINC-ROR","pancreatic cancer","qPCR, RIP etc.","up-regulated","","","","28580169","details","","","","",""
"LINC-ROR","pancreatic cancer","Microarray, qPCR, RNAi, Western blot etc.","up-regulated","","","","26898939","details","","","","",""
"LINC-UFC1","pancreatic cancer","qRT-PCR","up-regulated","","","","31933809","details","","","","",""
"LINC00152","pancreatic cancer","qPCR, RNAi, Western blot etc.","up-regulated","","","","25910082","details","","","","",""
"LINC00152","pancreatic ductal adenocarcinoma","Microarray, qPCR, RNAi, MTT assay etc.","up-regulated","","","","28220683","details","","","","",""
"LINC00162","pancreatic ductal adenocarcinoma","RNA-seq, in vitro knockdown etc","up-regulated","","","","32364285","details","","","","",""
"LINC00226","pancreatic ductal adenocarcinoma","Microarray, qPCR etc.","down-regulated","","","","28220683","details","","","","",""
"LINC00261","pancreatic cancer","qPCR, other","down-regulated","","","","30210701","details","","","","",""
"LINC00261","pancreatic cancer","qPCR, RNAi, Western blot etc.","down-regulated","","","","25910082","details","","","","",""
"LINC00346","pancreatic cancer","qPCR, Luciferase reporter assay, RIP, Western blot","up-regulated","","","","30728036","details","","","","",""
"LINC00346","pancreatic cancer","qPCR, other","up-regulated","","","","30210701","details","","","","",""
"LINC00346","pancreatic ductal adenocarcinoma","qPCR, Western blot, Luciferase reporter assay, RIP","up-regulated","","","","31391552","details","","","","",""
"LINC00462","pancreatic cancer","qPCR, Western blot, in vitro knockdown","up-regulated","","","","29899418","details","","","","",""
"LINC00462","pancreatic cancer","qPCR, Western blot, etc.","up-regulated","","","","29899418","details","","","","",""
"LINC00472","Intraductal Papillary Mucinous Neoplasms of the Pancreas","qPCR etc.","differential expression","","","","28874676","details","","","","",""
"LINC00473","pancreatic cancer","qPCR, Western blot, Luciferase reporter assay, RIP","up-regulated","","","","31206665","details","","","","",""
"LINC00511","pancreatic ductal adenocarcinoma","qPCR, Luciferase reporter assay, Western blot, RIP","up-regulated","","","","28984028","details","","","","",""
"LINC00578","pancreatic cancer","qPCR, other","up-regulated","","","","30210701","details","","","","",""
"LINC00657","pancreatic ductal adenocarcinoma","RT-qPCR, Western blot","up-regulated","","","","32116086","details","","","","",""
"LINC00663","pancreatic cancer","qPCR etc.","down-regulated","","","","26743782","details","","","","",""
"LINC00671","pancreatic cancer","qPCR, other","down-regulated","","","","30210701","details","","","","",""
"LINC00673","pancreatic cancer","qPCR, other","up-regulated","","","","30210701","details","","","","",""
"LINC00673","pancreatic ductal adenocarcinoma","RNA-seq, qPCR, Western blot","up-regulated","","","","29440233","details","","","","",""
"LINC00673","pancreatic cancer","qPCR, Flow cytometry assay etc.","up-regulated","","","","27213290","details","","","","",""
"LINC00675","pancreatic ductal adenocarcinoma","Microarray, qPCR, RNAi, Western blot etc.","up-regulated","","","","26309360","details","","","","",""
"LINC00958","pancreatic cancer","qPCR, Western blot, Luciferase reporter assay, RIP, etc.","up-regulated","","","","30639194","details","","","","",""
"LINC00960","pancreatic ductal adenocarcinoma","qPCR","up-regulated","","","","29923223","details","","","","",""
"LINC00976","pancreatic cancer","qRT-PCR, Western blot","up-regulated","","","","31747939","details","","","","",""
"LINC00994","pancreatic cancer","qPCR, Microarray, Luciferase reporter assay, western blot","up-regulated","","","","30739523","details","","","","",""
"LINC01006","pancreatic cancer","Microarray, RT-qPCR, Western blot, RIP, Luciferase reporter assay","up-regulated","","","","31827394","details","","","","",""
"LINC01060","pancreatic cancer","qPCR, Western blot, in vitro knockdown, RIP","down-regulated","","","","29913236","details","","","","",""
"LINC01060","pancreatic cancer","Microarray, RIP, etc.","down-regulated","","","","29913236","details","","","","",""
"LINC01111","pancreatic cancer","Microarray, qPCR, Western blot etc.","down-regulated","","","","31767833","details","","","","",""
"LINC01121","pancreatic cancer","qPCR, Western blot","up-regulated","","","","29843149","details","","","","",""
"LINC01121","pancreatic cancer","qPCR, western blot etc.","up-regulated","","","","29843149","details","","","","",""
"LINC01133","pancreatic cancer","qPCR, Western blot, Luciferase reporter assay, in vitro knockdown, RIP, etc.","up-regulated","","","","30580676","details","","","","",""
"LINC01133","pancreatic ductal adenocarcinoma","qPCR etc.","up-regulated","","","","29458145","details","","","","",""
"LINC01197","pancreatic cancer","qRT-PCR, Western blotting, Northern blotting etc.","down-regulated","","","","31027497","details","","","","",""
"LINC01207","pancreatic cancer","qRT-PCR, Western blotting, Microarray data analysis, RIP etc.","up-regulated","","","","30991076","details","","","","",""
"LINC01296","pancreatic Ductal adenocarcinoma","qPCR, Western blot, RNAi, other","up-regulated","","","","30203487","details","","","","",""
"LINC01420","pancreatic cancer","qPCR, Luciferase reporter assay, Western blot, RIP","up-regulated","","","","31562613","details","","","","",""
"LINC01559","pancreatic cancer","qRT-PCR , Luciferase reporter assay , Western blot , RIP , in vitro knockdown etc.","up-regulated","","","","31608998","details","","","","",""
"LINC01589","pancreatic ductal adenocarcinoma","qPCR","up-regulated","","","","29923223","details","","","","",""
"LINC01638","pancreatic ductal adenocarcinoma","RT-qPCR, Western blot analysis","up-regulated","","","","31702018","details","","","","",""
"LINCRNA-ZNF532","pancreatic cancer","Microarray, qPCR etc.","up-regulated","","","","25755691","details","","","","",""
"lnc-PCTST","pancreatic cancer","qRT-PCR, Western blot assay, ect.","down-regulated","","","","29978472","details","","","","",""
"lnc-PCTST","pancreatic cancer","qPCR, Western blot, Luciferase reporter assay, in vitro knockdown","down-regulated","","","","29978472","details","","","","",""
"lnc00673","pancreatic cancer","qRT-PCR, Luciferase reporter assay, Western blotting","down-regulated","","","","31949497","details","","","","",""
"lncRNA-ATB","pancreatic cancer","qPCR etc.","down-regulated","","","","26482611","details","","","","",""
"lncRNA-BX111","pancreatic cancer","qPCR, Western blot, ChIP, RIP, Luciferase reporter assays, etc.","up-regulated","","","","29970904","details","","","","",""
"lncRNA-CF129","pancreatic cancer","qPCR, Western blot, Luciferase reporter assay, RIP","down-regulated","","","","31367258","details","","","","",""
"lncRNA-NUTF2P3-001","pancreatic cancer","Microarray, qPCR, RNAi, Western blot, Luciferase reporter assay, MTT assay etc.","up-regulated","","","","26755660","details","","","","",""
"LOC285194","pancreatic ductal adenocarcinoma","qPCR etc.","down-regulated","","","","25550852","details","","","","",""
"LOC389641","pancreatic ductal adenocarcinoma","qPCR, RNAi, Western blot etc.","up-regulated","","","","26708505","details","","","","",""
"LOXL1-AS1","pancreatic cancer","RT-qPCR, Western blot, RIP","up-regulated","","","","31732974","details","","","","",""
"LUCAT1","pancreatic cancer","qPCR, Western blot, Luciferase reporter assay, RIP etc","up-regulated","","","","31789465","details","","","","",""
"MACC1-AS1","pancreatic cancer","RNA-seq, Microarray, qPCR, Western blot, Luciferase reporter assay, in vitro knockdown, RNA immunoprecipitation","up-regulated","","","","31391063","details","","","","",""
"MALAT1","pancreatic ductal adenocarcinoma","qPCR, Western blot, Luciferase reporter assay, RIP, other","up-regulated","","","","30352575","details","","","","",""
"MALAT1","pancreatic ductal adenocarcinoma","qPCR, Western blot, RIP, RNA pull-down assay etc.","up-regulated","","","","27371730","details","","","","",""
"MALAT1","pancreatic cancer","Microarray, qPCR, Western blot etc.","up-regulated","","","","29215734","details","","","","",""
"MALAT1","pancreatic cancer","qPCR, Western blot etc.","up-regulated","","","","25811929","details","","","","",""
"MALAT1","pancreatic cancer","qPCR etc.","up-regulated","","","","25481511","details","","","","",""
"MALAT1","pancreatic ductal adenocarcinoma","qPCR, RNAi, Western blot, Luciferase reporter assay, Flow cytometry assay etc.","up-regulated","","","","28034748","details","","","","",""
"MALAT1","pancreatic ductal adenocarcinoma","qPCR, Luciferase report assay etc.","up-regulated","","","","28701723","details","","","","",""
"MALAT1","pancreatic ductal adenocarcinoma","qPCR etc.","up-regulated","","","","24815433","details","","","","",""
"MALAT1","pancreatic cancer","Microarray, RT-PCR, Western blot, in vitro knockdown, RNAi","up-regulated","","","","29389953","details","","","","",""
"MALAT1","pancreatic cancer","qPCR, RNAi, Western blot, RIP, Flow cytometry assay, Cell proliferation assay etc.","up-regulated","","","","26848980","details","","","","",""
"MALAT1","pancreatic cancer","qPCR, Western blot, Flow cytometry assay etc.","up-regulated","","","","25269958","details","","","","",""
"MAP3K14","pancreatic ductal adenocarcinoma","Microarray, qPCR etc.","up-regulated","","","","22078386","details","","","","",""
"MCM3AP-AS1","pancreatic cancer","qRT-PCR, Western blot analysis, Dual luciferase reporter assay, RIP","up-regulated","","","","31830901","details","","","","",""
"MEG3","Intraductal Papillary Mucinous Neoplasms of the Pancreas","qPCR etc.","differential expression","","","","28874676","details","","","","",""
"MEG3","pancreatic neuroendocrine tumor","qPCR, Western blot","down-regulated","","","","29132136","details","","","","",""
"MEG3","pancreatic cancer","qPCR, Western blot, in vitro knockdown","down-regulated","","","","29328401","details","","","","",""
"MEG3","pancreatic neuroendocrine tumor","qPCR etc.","up-regulated","","","","28847847","details","","","","",""
"MEG3","pancreatic cancer","Microarray, qPCR, RNAi, Western blot etc.","up-regulated","","","","26850851","details","","","","",""
"MEG3","pancreatic cancer","qPCR, Cell transfection, Western blot etc.","down-regulated","","","","28320094","details","","","","",""
"MEG3","pancreatic neuroendocrine tumor","Microarray, qPCR, Luciferase reporter assay etc.","down-regulated","","","","25565142","details","","","","",""
"MEG8","pancreatic cancer","qPCR, RIP, other","up-regulated","","","","30262664","details","","","","",""
"MIAT","pancreatic cancer","qPCR, Western blot, Luciferase reporter assay, in vitro knockdown","up-regulated","","","","29772434","details","","","","",""
"MIAT","pancreatic cancer","qPCR, western blot, Luciferase reporter assay etc.","down-regulated","","","","29772434","details","","","","",""
"MIR100HG","pancreatic ductal adenocarcinoma","RNA-seq, qPCR, Western blot etc.","up-regulated","","","","29748571","details","","","","",""
"MIR155HG","pancreatic cancer","qPCR , Luciferase reporter assay , in vitro knockdown etc.","up-regulated","","","","31161625","details","","","","",""
"MIR31HG","pancreatic ductal adenocarcinoma","qPCR, RNAi, Western blot, RIP, Dual luciferase reporter assay, ISH etc.","up-regulated","","","","26549028","details","","","","",""
"MSC-AS1","pancreatic cancer","qPCR, Luciferase reporter assay, RIP","up-regulated","","","","30915884","details","","","","",""
"MTA2TR","pancreatic cancer","qPCR, Western blot, Luciferase reporter assay, RIP, RNAi, other","up-regulated","","","","31410216","details","","","","",""
"NEAT1","pancreatic cancer","qRT-PCR, RIP","up-regulated","","","","32064164","details","","","","",""
"NEAT1","pancreatic cancer","qPCR, RNAi, Dual luciferase reporter assay, Cell proliferation assay etc.","up-regulated","","","","27888106","details","","","","",""
"NONHSAT105177","pancreatic Ductal adenocarcinoma","qPCR, Western blot, Microarray, other","up-regulated","","","","30237397","details","","","","",""
"NORAD","pancreatic cancer","qPCR, Western blot etc.","up-regulated","","","","29121972","details","","","","",""
"NR_036488","pancreatic ductal adenocarcinoma","Microarray, qPCR, Cell proliferation assay etc.","up-regulated","","","","27628540","details","","","","",""
"OIP5-AS1","pancreatic cancer","qRT-PCR, Western blot","up-regulated","","","","32157498","details","","","","",""
"PANDA","Intraductal Papillary Mucinous Neoplasms of the Pancreas","qPCR etc.","differential expression","","","","28874676","details","","","","",""
"PANDAR","pancreatic ductal adenocarcinoma","qPCR, western blot etc.","up-regulated","","","","28886528","details","","","","",""
"PCAT1","pancreatic cancer","qPCR, western blot","up-regulated","","","","31539121","details","","","","",""
"PLACT1","pancreatic cancer","qRT-PCR, Western blot","up-regulated","","","","32085715","details","","","","",""
"PPP3CB","pancreatic ductal adenocarcinoma","Microarray, qPCR etc.","up-regulated","","","","22078386","details","","","","",""
"PVT1","pancreatic ductal adenocarcinoma","qPCR, Western blot, Luciferase reporter assay, in vitro knockdown, RIP","up-regulated","","","","30001707","details","","","","",""
"PVT1","pancreatic cancer","qPCR, Western blot, in vitro knockdown","up-regulated","","","","29845201","details","","","","",""
"PVT1","pancreatic ductal adenocarcinoma","qPCR, Western blot, RIP, Luciferase reporter assay etc","up-regulated","","","","32201527","details","","","","",""
"PVT1","Intraductal Papillary Mucinous Neoplasms of the Pancreas","qPCR etc.","differential expression","","","","28874676","details","","","","",""
"PVT1","pancreatic cancer","qPCR etc.","up-regulated","","","","27028998","details","","","","",""
"PVT1","pancreatic ductal adenocarcinoma","qPCR etc.","up-regulated","","","","25668599","details","","","","",""
"PVT1","pancreatic cancer","qPCR, Western blot etc.","up-regulated","","","","29048549","details","","","","",""
"PVT1","pancreatic cancer","qPCR etc.","up-regulated","","","","21316338","details","","","","",""
"PVT1","pancreatic cancer","qPCR etc.","up-regulated","","","","28657147","details","","","","",""
"PVT1","pancreatic cancer","qPCR, Western blot","up-regulated","","","","28355965","details","","","","",""
"PVT1","pancreatic cancer","qPCR, western blot etc.","up-regulated","","","","29845201","details","","","","",""
"PVT1","pancreatic ductal adenocarcinoma","qRT-PCR, Western blot assay, Luciferase reporter assay, RNA pull-down assay, RIP","up-regulated","","","","30001707","details","","","","",""
"PXN-AS1","pancreatic cancer","qPCR, Western blot, Luciferase reporter assay, in vitro knockdown, RIP, etc.","down-regulated","","","","31488171","details","","","","",""
"RP11-263F15.1","pancreatic ductal adenocarcinoma","Microarray, qPCR","differential expression","","","","28928863","details","","","","",""
"RP11-567G11.1","pancreatic cancer","qPCR, Western blot","up-regulated","","","","30802827","details","","","","",""
"RP11-567G11.1","pancreatic cancer","Microarray, qPCR etc.","up-regulated","","","","26447755","details","","","","",""
"RP11-58D2.1","pancreatic cancer","Microarray, qPCR etc.","up-regulated","","","","25755691","details","","","","",""
"SBF2-AS1","pancreatic cancer","qPCR, Western blot, Luciferase reporter assay, in vitro knockdown etc.","differential expressed","","","","32301277","details","","","","",""
"SLC7A11-AS1","pancreatic ductal adenocarcinoma","qRT-PCR, Western blot, RIP","up-regulated","","","","32036249","details","","","","",""
"SNHG1","pancreatic cancer","RT-qPCR, Western blot analysis, Dual luciferase reporter assay","up-regulated","","","","31933880","details","","","","",""
"SNHG1","pancreatic ductal adenocarcinoma","qPCR, Western blot","up-regulated","","","","30087712","details","","","","",""
"SNHG1","pancreatic cancer","qPCR, Western blot, in vitro knockdown, etc.","up-regulated","","","","30520072","details","","","","",""
"SNHG14","pancreatic cancer","qPCR, Luciferase reporter assay, Western blot","up-regulated","","","","31513352","details","","","","",""
"SNHG14","pancreatic ductal adenocarcinoma","RT-qPCR, Western blot analysis, RIP","up-regulated","","","","31929143","details","","","","",""
"SNHG15","pancreatic Ductal adenocarcinoma","qPCR, other","up-regulated","","","","30280769","details","","","","",""
"SNHG15","pancreatic cancer","Western blot, RIP","up-regulated","","","","29137412","details","","","","",""
"SNHG16","pancreatic cancer","RT-qPCR","up-regulated","","","","32141539","details","","","","",""
"SNHG16","pancreatic cancer","qPCR","up-regulated","","","","30981105","details","","","","",""
"SNHG16","pancreatic cancer","Dual luciferase reporter assay, RT-qPCR, , Western blotting","up-regulated","","","","31664866","details","","","","",""
"SNHG6","pancreatic cancer","qPCR, Luciferase reporter assay, RIP etc","up-regulated","","","","32265427","details","","","","",""
"SNHG7","pancreatic cancer","qPCR, Luciferase reporter assay, Western blot","up-regulated","","","","30949340","details","","","","",""
"SNHG9","pancreatic cancer","qPCR, other","down-regulated","","","","30210701","details","","","","",""
"SOX2OT","pancreatic ductal adenocarcinoma","qRT-PCR, RIP, western blotting","up-regulated","","","","31837005","details","","","","",""
"SOX2OT","pancreatic ductal adenocarcinoma","Microarray, RIP etc.","up-regulated","","","","29643475","details","","","","",""
"SPRY4-IT1","pancreatic cancer","qPCR, Western blot, in vitro knockdown","up-regulated","","","","29489909","details","","","","",""
"SPRY4-IT1","pancreatic ductal adenocarcinoma","qPCR etc.","down-regulated","","","","29551494","details","","","","",""
"SUMO1P3","pancreatic cancer","qPCR, Western blot, RNAi, other","up-regulated","","","","30333879","details","","","","",""
"THAP9-AS1","pancreatic ductal adenocarcinoma","RIP, qRT-PCR","up-regulated","","","","31831555","details","","","","",""
"TP53TG1","pancreatic ductal adenocarcinoma","qPCR, Western blot, Luciferase reporter assay, RNAi, RIP","up-regulated","","","","31325400","details","","","","",""
"TP73-AS1","pancreatic cancer","qPCR, Western blot, Luciferase reporter assay, etc.","up-regulated","","","","30643007","details","","","","",""
"TUG1","pancreatic ductal adenocarcinoma","qPCR, Western blot, in vitro knockdown","up-regulated","","","","29960845","details","","","","",""
"TUG1","pancreatic cancer","qPCR, RIP","up-regulated","","","","30787623","details","","","","",""
"TUG1","pancreatic cancer","qPCR, Western blot, Luciferase reporter assay, in vitro knockdown, etc.","up-regulated","","","","30595764","details","","","","",""
"TUG1","pancreatic cancer","qPCR, Western blot","up-regulated","","","","28617552","details","","","","",""
"TUG1","pancreatic cancer","qPCR, Western blot, Luciferase reporter assay, RIP","up-regulated","","","","28813705","details","","","","",""
"TUG1","pancreatic ductal adenocarcinoma","qPCR, Western blot, Flow cytometry assay, etc.","up-regulated","","","","29960845","details","","","","",""
"TUSC7","pancreatic cancer","qPCR, Western blot, Luciferase reporter assay, RIP, etc.","down-regulated","","","","30714151","details","","","","",""
"uc.345","pancreatic cancer","Microarray, qPCR, Western blot, Flow cytometry assay etc.","up-regulated","","","","27689400","details","","","","",""
"UCA1","Intraductal Papillary Mucinous Neoplasms of the Pancreas","qPCR etc.","differential expression","","","","28874676","details","","","","",""
"UCA1","pancreatic ductal adenocarcinoma","Microarray, qPCR, Cell proliferation assay etc.","up-regulated","","","","27628540","details","","","","",""
"UCA1","pancreatic cancer","qPCR, Western blot, Luciferase reporter assay, RNAi, RIP etc.","up-regulated","","","","29510195","details","","","","",""
"UCA1","pancreatic cancer","qPCR, RNAi, Western blot, Flow cytometry assay, Cell proliferation assay etc.","up-regulated","","","","27562722","details","","","","",""
"UCA1","pancreatic cancer","qPCR, RNAi, Northern blot, Luciferase reporter assay, Flow cytometry assay etc.","up-regulated","","","","28315290","details","","","","",""
"UCA1","pancreatic cancer","qPCR, Western blot, Luciferase reporter assay, in vitro knockdown etc.","up-regulated","","","","29500870","details","","","","",""
"XIST","pancreatic cancer","qRT-PCR , Luciferase reporter assay , Western blot , in vitro knockdown etc.","up-regulated","","","","31163263","details","","","","",""
"XIST","pancreatic cancer","qRT-PCR , Luciferase reporter assay , Western blot , in vitro knockdown etc.","up-regulated","","","","31013436","details","","","","",""
"XIST","pancreatic cancer","qPCR, Western blot, Luciferase reporter assay","up-regulated","","","","31213574","details","","","","",""
"XIST","pancreatic cancer","qPCR, Western blot, Luciferase reporter assay etc.","up-regulated","","","","29371940","details","","","","",""
"XIST","pancreatic cancer","qPCR, Luciferase reporter assay, Cell proliferation assay, MTT assay etc.","up-regulated","","","","28295543","details","","","","",""
"XIST","pancreatic cancer","qPCR, RNAi, in vitro knockdown, Luciferase reporter assay etc.","up-regulated","","","","29393501","details","","","","",""
"XLOC_000647","pancreatic cancer","Microarray, qRT-PCR, Western blot, Luciferase reporter assay, in vitro knockdown","up-regulated","","","","29386037","details","","","","",""
"XLOC_006390","pancreatic cancer","PCR, Western blot, RIP","up-regulated","","","","31734356","details","","","","",""
"XLOC_006390","pancreatic cancer","Microarray, qPCR etc.","up-regulated","","","","26447755","details","","","","",""
"ZEB2-AS1","pancreatic cancer","qPCR, Western blot, Luciferase reporter assay, RIP etc.","up-regulated","","","","29753015","details","","","","",""