0,ABHD11-AS1,Colorectal Cancer,"qPCR, RIP, Luciferase reporter assay, Western blot, other",up-regulated,30429229.0,1.0
1,ABHD11-AS1,Colorectal Cancer,"qPCR, Western blot, Luciferase reporter assay, in vitro knockdown, RIP, etc.",up-regulated,30537177.0,1.0
2,ADAMTS9-AS2,Colorectal Cancer,qPCR etc.,down-regulated,27596298.0,1.0
3,ADPGK-AS1,Colorectal Cancer,"qPCR, Luciferase reporter assay etc",up-regulated,32196589.0,1.0
4,AFAP1-AS1,Colorectal Cancer,"qPCR, Western blot, in vitro knockdown, RIP",up-regulated,29888110.0,1.0
5,AFAP1-AS1,Colorectal Cancer,qRT-PCR etc.,up-regulated,31132513.0,1.0
6,AFAP1-AS1,Colon Cancer,"qPCR, Western blot, in vitro knockdown, etc.",up-regulated,30588252.0,1.0
7,AFAP1-AS1,Colorectal Cancer,qPCR etc.,up-regulated,27596298.0,1.0
8,AFAP1-AS1,Colorectal Cancer,"qPCR, RNAi etc.",up-regulated,27261589.0,1.0
9,AFAP1-AS1,Colorectal Cancer,"qPCR, RNAi, Western blot, MTT assay etc.",up-regulated,27578191.0,1.0
10,AFAP1-AS1,Colorectal Cancer,"qPCR, ChIP, RIP, Western blot, etc.",up-regulated,29888110.0,1.0
11,AGAP2-AS1,Colorectal Cancer,"qPCR, Western blot, RIP, Luciferase reporter assay etc",up-regulated,32202509.0,1.0
12,"ANCR",Colorectal Cancer,"qPCR, RNAi, Western blot, RNA pull-down assay etc.",up-regulated,27983539.0,3.0
13,"ANRIL",Colorectal Cancer,"qPCR, Luciferase reporter assay, other",up-regulated,30279206.0,14.0
14,"ANRIL",Colon Cancer,"qPCR, RNAi, Western blot, ChIP, Luciferase reporter assay, Cell proliferation assay etc.",up-regulated,23416462.0,14.0
15,"ANRIL",Colorectal Cancer,"qPCR, RNAi etc.",up-regulated,26708220.0,14.0
16,"ANRIL",Colorectal Cancer,"qPCR, RNAi, Western blot, Northern blot etc.",up-regulated,27286457.0,14.0
17,"ANRIL",Colorectal Cancer,"qPCR, RNAi etc.",up-regulated,27314206.0,14.0
18,"AWPPH",Colon Cancer,"qPCR, Western blot, other",up-regulated,31423271.0,8.0
19,B3GALT5-AS1,Colorectal Cancer,qPCR etc,down-regulated,32207329.0,2.0
20,B3GALT5-AS1,Colon Cancer,"qPCR, Western blot, Luciferase reporter assay, in vitro knockdown, etc.",down-regulated,30530918.0,2.0
21,B4GALT1-AS1,Colon Cancer,RNA-seq,up-regulated,30912138.0,3.0
22,"BA318C17.1",Colorectal Cancer,"qPCR, STS-PCR, ISH etc.",down-regulated,16110499.0,3.0
23,BACE1-AS,Colon Cancer,qPCR etc.,down-regulated,25078450.0,1.0
24,BANCR,Colorectal Cancer,"qPCR, Western blot, Luciferase assay",up-regulated,30144787.0,1.0
25,BANCR,Colorectal Cancer,qPCR etc.,up-regulated,28969673.0,1.0
26,BANCR,Colorectal Cancer,"Microarray, qPCR etc.",up-regulated,27591862.0,1.0
27,BANCR,Colorectal Cancer,"qPCR, RNAi, Cell transfection, Western blot, Luciferase reporter assay, Flow cytometry assay, Cell proliferation assay etc.",up-regulated,26296467.0,1.0
28,BANCR,Colorectal Cancer,"qPCR, Western blot etc.",up-regulated,25013510.0,1.0
29,BANCR,Colorectal Cancer,"qPCR, RNAi, Western blot etc.",down-regulated,25928067.0,1.0
30,BBOX1-AS1,Colorectal Cancer,"RT-qPCR, Western bolt",up-regulated,31984680.0,3.0
31,"BC200",Colon Cancer,"qPCR, Western blot etc.",up-regulated,29625226.0,1.0
32,BCAR4,Colorectal Cancer,"qPCR, Luciferase reporter assay, Western blot",up-regulated,30962766.0,5.0
33,BCAR4,Colorectal Cancer,qPCR etc.,up-regulated,27596298.0,5.0
34,BDNF-AS,Colorectal Cancer,"qRT-PCR, Western blotting, RIP etc.",down-regulated,31062382.0,5.0
35,BLACAT1,Colorectal Cancer,"qPCR, Western blot, RIP",differential expression,31558855.0,1.0
36,BLACAT1,Colorectal Cancer,"qPCR, RNAi, Western blot, RIP, ChIP, Flow cytometry assay, Cell proliferation assay etc.",up-regulated,28277544.0,1.0
37,BLACAT1,Colorectal Cancer,qPCR,up-regulated,28406230.0,1.0
38,"BLACAT2",Colorectal Cancer,"qPCR, other",up-regulated,31423277.0,1.0
39,"C20orf200",Colon Cancer,"Microarray, qPCR, RNA pull-down assay etc.",down-regulated,27821766.0,1.0
40,CA3-AS1,Colorectal Cancer,"RT-PCR, Western blot, Luciferase reporter assay, other",up-regulated,30415006.0,4.0
41,CACNA1G-AS1,Colorectal Cancer,"qRT-PCR, Western blot, RIP",up-regulated,31957825.0,1.0
42,"CACS15",Colorectal Cancer,"qPCR, Western blot, Luciferase reporter assay, in vitro knockdown, RIP, etc.",up-regulated,30639170.0,1.0
43,CAHM,Colorectal Cancer,"qPCR, MSP-PCR etc.",down-regulated,24799664.0,1.0
44,"CALIC",Colon Cancer,"RNA-seq, qPCR, RIP",up-regulated,31353791.0,1.0
45,CASC11,Colorectal Cancer,"qPCR, RNAi, Western blot, RIP, Luciferase reporter assay, Flow cytometry assay, Cell proliferation assay etc.",up-regulated,27012187.0,2.0
46,CASC19,Colorectal Cancer,"qRT-PCR , Luciferase reporter assay , Western blot , RIP , in vitro knockdown etc.",up-regulated,31011255.0,1.0
47,CASC19,Colorectal Cancer,qPCR,up-regulated,29338818.0,1.0
48,CASC2,Colorectal Cancer,"qRT-PCR , Western blot , RIP , in vitro knockdown etc.",up-regulated,31173223.0,3.0
49,CASC2,Colorectal Cancer,"qPCR, Western blot, in vitro knockdown, RIP, etc.",down-regulated,30681073.0,3.0
50,CASC2,Colorectal Cancer,"qPCR, Luciferase reporter assay",down-regulated,29456985.0,3.0
51,CASC2,Colorectal Cancer,"qPCR, Flow cytometry assay, Cell proliferation assay etc.",down-regulated,27198161.0,3.0
52,CASC21,Colorectal Cancer,"RT-PCR, Western blot",up-regulated,31731190.0,1.0
53,CASC21,Colon Cancer,"qRT-PCR, RNA-seq, Western blotting assay",up-regulated,31965704.0,1.0
54,CASC9,Colorectal Cancer,"qRT-PCR, Western blot",up-regulated,32110102.0,3.0
55,CASC9,Colorectal Cancer,"qRT-PCR , Western blot , RIP , RNA-seq , in vitro knockdown etc.",up-regulated,31186036.0,3.0
56,CCAT1,Colorectal Cancer,"qPCR, Western blot etc",up-regulated,32256733.0,1.0
57,CCAT1,Colorectal Cancer,"qPCR, Western blot, RIP",differential expression,31558855.0,1.0
58,CCAT1,Colorectal Cancer,"RT-qPCR, Western blotting, Luciferase Reporter Assay, RIP",up-regulated,31807005.0,1.0
59,CCAT1,Colorectal Cancer,qRT-PCR etc.,up-regulated,31093977.0,1.0
60,CCAT1,Colon Cancer,"qRT-PCR, Western blotting etc.",down-regulated,31039730.0,1.0
61,CCAT1,Colorectal Cancer,"qPCR, Western blot, etc.",up-regulated,30633886.0,1.0
62,CCAT1,Colorectal Cancer,"qPCR, Western blot, Luciferase reporter assay, etc.",up-regulated,30615124.0,1.0
63,CCAT1,Colorectal Cancer,qPCR,up-regulated,31328973.0,1.0
64,CCAT1,Colon Cancer,"qPCR, ISH etc.",up-regulated,23594791.0,1.0
65,CCAT1,Colon Cancer,"qPCR, Western blot, Luciferase reporter assay etc.",up-regulated,26825578.0,1.0
66,CCAT1,Colorectal Cancer,qPCR etc.,up-regulated,28838211.0,1.0
67,CCAT1,Colorectal Cancer,qPCR etc.,down-regulated,26823726.0,1.0
68,CCAT1,Colorectal Cancer,qPCR etc.,up-regulated,26064266.0,1.0
69,CCAT1,Colorectal Cancer,"qPCR, ISH etc.",up-regulated,23416875.0,1.0
70,CCAT1,Colorectal Cancer,"qPCR, RNAi etc.",up-regulated,24594601.0,1.0
71,CCAT1,Colorectal Cancer,qPCR etc.,up-regulated,29190961.0,1.0
72,CCAT2,Colorectal Cancer,"qPCR, Western blot, RIP",differential expression,31558855.0,1.0
73,CCAT2,Colon Cancer,qPCR etc.,up-regulated,28964256.0,1.0
74,CCAT2,Colon Cancer,qPCR etc.,down-regulated,28934601.0,1.0
75,CCAT2,Colon Cancer,qPCR etc.,up-regulated,25185650.0,1.0
76,CCAT2,Colorectal Cancer,qPCR,up-regulated,29181105.0,1.0
77,CCAT2,Colorectal Cancer,qPCR etc.,up-regulated,27875818.0,1.0
78,CCAT2,Colorectal Cancer,qPCR etc.,up-regulated,28838211.0,1.0
79,CCAT2,Colorectal Cancer,"qPCR, RNAi, Western blot, Luciferase reporter assay etc.",differential expression,26853146.0,1.0
80,CCAT2,Colon Cancer,"qPCR, Western blot etc.",up-regulated,29502343.0,1.0
81,CCAT2,Colorectal Cancer,"qPCR, RIP etc.",up-regulated,23796952.0,1.0
82,"CCAT7",Colorectal Cancer,"Microarray, qPCR, Luciferase reporter assay etc.",down-regulated,25663692.0,1.0
83,"CCHE1",Colorectal Cancer,"qPCR, in vitro knockdown, etc.",up-regulated,30484108.0,1.0
84,CPS1-IT1,Colorectal Cancer,"qPCR, Western blot, Luciferase reporter assay",down-regulated,29017924.0,1.0
85,CPS1-IT1,Colorectal Cancer,"qPCR, Western blot",down-regulated,29145177.0,1.0
86,CRNDE,Colorectal Cancer,"qPCR, Western blot, RIP",differential expression,31558855.0,5.0
87,CRNDE,Colorectal Cancer,"qPCR, Western blot, Luciferase reporter assay",up-regulated,28472810.0,5.0
88,CRNDE,Colorectal Cancer,"qPCR, Microarray, RIP, Western blotting etc.",up-regulated,28594403.0,5.0
89,CRNDE,Colorectal Cancer,"Microarray, qPCR, RNAi etc.",up-regulated,24184209.0,5.0
90,CRNDE,Colorectal Cancer,qPCR etc.,up-regulated,22393467.0,5.0
91,CRNDE,Colorectal Cancer,"qPCR, RNAi, Western blot, Luciferase reporter assay, FISH, MTT assay etc.",up-regulated,28086904.0,5.0
92,CRNDE,Colorectal Cancer,"qPCR, RNAi, Western blot, RIP, Luciferase reporter assay, Cell migration and invasion assay etc.",up-regulated,28115855.0,5.0
93,CRNDE,Colorectal Cancer,qPCR,up-regulated,28406230.0,5.0
94,CRNDE,Colorectal Cancer,"qPCR, Western blot",up-regulated,28796262.0,5.0
95,"CTA-941F9.9",Colorectal Cancer,"qPCR, Western blot, in vitro knockdown",down-regulated,31343781.0,1.0
96,CYTOR,Colorectal Cancer,qRT-PCR etc.,up-regulated,31144988.0,5.0
97,CYTOR,Colorectal Cancer,"RIP, Luciferase reporter assay",up-regulated,30064438.0,5.0
98,CYTOR,Colon Cancer,"qPCR, Western blot, Luciferase reporter assay, RIP etc.",up-regulated,29606502.0,5.0
99,DDX11-AS1,Colorectal Cancer,"qPCR, Western blot, Luciferase reporter assay",up-regulated,31298324.0,1.0
100,DGCR5,Colorectal Cancer,"qPCR, other",down-regulated,31452812.0,5.0
101,DLEU1,Colorectal Cancer,"qPCR, ChIP, RIP, Northern blot",up-regulated,30098595.0,3.0
102,DLEU7-AS1,Colorectal Cancer,"qPCR, Western blot",up-regulated,29364477.0,1.0
103,DLX6-AS1,Colorectal Cancer,"qRT-PCR , Luciferase reporter assay , RIP , in vitro knockdown etc.",up-regulated,31115000.0,1.0
104,DLX6-AS1,Colorectal Cancer,"qPCR, Western blot",up-regulated,31646562.0,1.0
105,DPP10-AS1,Colorectal Cancer,qPCR,down-regulated,28406230.0,1.0
106,DSCAM-AS1,Colorectal Cancer,"qRT-PCR, Western blot",up-regulated,31730864.0,4.0
107,DUXAP10,Colorectal Cancer,qPCR etc.,up-regulated,28779166.0,1.0
108,DUXAP8,Colorectal Cancer,"qPCR, RIP etc.",up-regulated,31786844.0,1.0
109,DUXAP8,Colorectal Cancer,"qPCR, Western blot, Luciferase reporter assay, in vitro knockdown",up-regulated,31364111.0,1.0
110,"EIF3J-AS1",Colorectal Cancer,"RT-qPCR, Western blot",up-regulated,31709617.0,2.0
111,ELFN1-AS1,Colorectal Cancer,"qRT-PCR, Microarray, Luciferase reporter assay, RIP, Western blotting",up-regulated,31929141.0,3.0
112,EWSAT1,Colorectal Cancer,"qPCR, Western blot, other",up-regulated,30402843.0,1.0
113,EZR-AS1,Colorectal Cancer,"qRT-PCR, Western blot",up-regulated,31693738.0,1.0
114,"FAL1",Colon Cancer,"qPCR, Western blot, other",up-regulated,30290064.0,1.0
115,"FAL1",Colorectal Cancer,"qPCR, Western blot, Luciferase reporter assay, other",up-regulated,30267804.0,1.0
116,"FAL1",Colon Cancer,"qPCR, RNA pull-down assay etc.",up-regulated,25203321.0,1.0
117,FAM3D-AS1,Colorectal Cancer,"RT-PCR , Western blot , in vitro knockdown etc.",up-regulated,31147452.0,1.0
118,FBXL19-AS1,Colorectal Cancer,"Microarray, qPCR, Luciferase reporter assay etc.",up-regulated,28479250.0,1.0
119,FENDRR,Colorectal Cancer,qPCR,down-regulated,31724220.0,2.0
120,FENDRR,Colon Cancer,"qPCR, Western blot",down-regulated,31213846.0,2.0
121,FER1L4,Colon Cancer,"qPCR, RNAi, Western blot, Luciferase reporter assay, Flow cytometry assay, Cell proliferation assay etc.",down-regulated,26224446.0,1.0
122,FEZF1-AS1,Colorectal Cancer,"Microarray, qPCR, Western blot, Luciferase reporter assay, in vitro knockdown, RIP",up-regulated,29914894.0,1.0
123,FEZF1-AS1,Colorectal Cancer,"qPCR, RNAi, Flow cytometry assay, Cell proliferation assay etc.",up-regulated,26848625.0,1.0
124,FEZF1-AS1,Colorectal Cancer,"qPCR, Microarray, RNA-seq, Luciferase reporter assay, RIP, Western blot, etc.",up-regulated,29914894.0,1.0
125,FGD5-AS1,Colorectal Cancer,"qPCR, Western blot, Luciferase reporter assay, RIP",up-regulated,31332696.0,5.0
126,FOXD2-AS1,Colorectal Cancer,"Luciferase Assay, RT-PCR, Western blot",up-regulated,31908535.0,1.0
127,FOXD2-AS1,Colorectal Cancer,"qPCR, Western blot etc.",up-regulated,28925486.0,1.0
128,FOXD3-AS1,Colorectal Cancer,"qRT-PCR , Luciferase reporter assay , Western blot , in vitro knockdown etc.",up-regulated,31058315.0,4.0
129,FOXP4-AS1,Colorectal Cancer,"qPCR, RNAi, Flow cytometry assay etc.",up-regulated,27790757.0,3.0
130,FTX,Colorectal Cancer,"qPCR, Western blot, Luciferase reporter assay, in vitro knockdown, RIP",up-regulated,29925853.0,1.0
131,FTX,Colorectal Cancer,"qPCR, Luciferase reporter assay etc.",up-regulated,32280242.0,1.0
132,FTX,Colorectal Cancer,"qPCR, RNAi etc.",up-regulated,26629053.0,1.0
133,FTX,Colorectal Cancer,"qPCR, RIP, etc.",up-regulated,29925853.0,1.0
134,GACAT3,Colorectal Cancer,"qPCR, Western blot, Luciferase reporter assay, in vitro knockdown etc.",up-regulated,29593420.0,1.0
135,GAPLINC,Colorectal Cancer,"Microarray, qPCR, Western blot, RNA pull-down assay etc.",up-regulated,27259250.0,2.0
136,GAPLINC,Colorectal Cancer,"qPCR, Western blot, Luciferase reporter assay, in vitro knockdown etc.",up-regulated,29427222.0,2.0
137,GAS5,Colorectal Cancer,"qPCR, Luciferase reporter assay",up-regulated,30902880.0,15.0
138,GAS5,Colorectal Cancer,"qPCR, Dual Luciferase reporter assay, Western blot",down-regulated,30066886.0,15.0
139,GAS5,Colorectal Cancer,"qPCR, Western blot, Luciferase reporter assay, in vitro knockdown, etc.",down-regulated,30672001.0,15.0
140,GAS5,Colorectal Cancer,"qPCR, Wetern blot, Luciferase reporter assay, RIP",down-regulated,31400607.0,15.0
141,GAS5,Colon Cancer,"qPCR, Western blot, RNAi",up-regulated,28722800.0,15.0
142,GAS5,Colorectal Cancer,qPCR etc.,up-regulated,27391432.0,15.0
143,GAS5,Colorectal Cancer,"Microarray, qPCR etc.",down-regulated,27591862.0,15.0
144,GAS5,Colorectal Cancer,qPCR etc.,down-regulated,27863421.0,15.0
145,GAS5,Colorectal Cancer,"qPCR, Flow cytometry assay etc.",down-regulated,25326054.0,15.0
146,GAS5,Colorectal Cancer,qPCR etc.,up-regulated,29630521.0,15.0
147,GAS5,Colorectal Cancer,"qRT-PCR, Western blot",down-regulated,29308053.0,15.0
148,GAS5,Colorectal Cancer,"qPCR, RNAi, Western blot, MTT assay etc.",down-regulated,28099146.0,15.0
149,GAS5,Colorectal Cancer,"qPCR, in vitro knockdown etc.",down-regulated,28521420.0,15.0
150,"GAS8-AS",Colorectal Cancer,qRT-PCR etc.,up-regulated,31132513.0,1.0
151,GHET1,Colorectal Cancer,"qPCR, RNAi, Western blot, Flow cytometry assay, Cell proliferation assay etc.",up-regulated,27931286.0,1.0
152,GHET1,Colorectal Cancer,"qPCR, Western blot etc.",up-regulated,27131316.0,1.0
153,GHRLOS,Colorectal Cancer,qPCR etc.,down-regulated,29187879.0,6.0
154,GIHCG,Colorectal Cancer,qPCR,up-regulated,30799935.0,1.0
155,GSEC,Colon Cancer,"Microarray, qPCR, RNAi, RIP, RNA pull-down assay etc.",up-regulated,27797375.0,1.0
156,"GUARDIN",Colon Cancer,"Microarray, Luciferase reporter assay, in vitro knockdown, RNAi etc.",up-regulated,29593331.0,1.0
157,H19,Colorectal Cancer,"qPCR, Microarray",up-regulated,30920116.0,3.0
158,H19,Colon Cancer,"qPCR , Western blot , in vitro knockdown etc.",down-regulated,31602323.0,3.0
159,H19,Colorectal Cancer,"qPCR, Western blot",up-regulated,30127936.0,3.0
160,H19,Colorectal Cancer,"RNA-seq, qPCR, Western blot, RIP, Luciferase reporter assays",up-regulated,30083271.0,3.0
161,H19,Colorectal Cancer,"qPCR, RIP, Western blot, Luciferase reporter assay, other",up-regulated,30451820.0,3.0
162,H19,colorectal cancer,"qPCR, other",,31452627.0,3.0
163,H19,Colorectal Cancer,qPCR,up-regulated,31232113.0,3.0
164,H19,Colon Cancer,"qPCR, Northern blot, ISH etc.",up-regulated,19926638.0,3.0
165,H19,Colon Cancer,"qPCR, Cell transfection, Western blot, ChIP, Luciferase reporter assay, MTT assay etc.",up-regulated,28189050.0,3.0
166,H19,Colon Cancer,"qPCR, western blot, luciferase reporter assay",differential expression,28358427.0,3.0
167,H19,Colon Cancer,"qPCR, Western blot etc.",up-regulated,28781681.0,3.0
168,H19,Colorectal Cancer,"qPCR, Northern blot, ISH etc.",up-regulated,19926638.0,3.0
169,H19,Colorectal Cancer,"qPCR, Cell transfection, Western blot etc.",up-regulated,27919747.0,3.0
170,H19,Colorectal Cancer,qPCR etc.,down-regulated,29036538.0,3.0
171,H19,Colorectal Cancer,"Microarray, qPCR, RIP, ChIP etc.",differential expression,27789274.0,3.0
172,H19,Colorectal Cancer,"qPCR, Western blot, RIP, Flow cytometry assay etc.",up-regulated,26989025.0,3.0
173,H19,Colorectal Cancer,qPCR etc.,up-regulated,27391432.0,3.0
174,H19,Colorectal Cancer,qPCR etc.,up-regulated,27596298.0,3.0
175,H19,Colorectal Cancer,"qPCR, RFLP-PCR etc.",up-regulated,22427002.0,3.0
176,H19,Colorectal Cancer,qPCR etc.,differential expression,12438232.0,3.0
177,H19,Colorectal Cancer,qPCR etc.,up-regulated,11120891.0,3.0
178,H19,Colorectal Cancer,"qPCR, Western blot, Luciferase reporter assay etc.",up-regulated,29754471.0,3.0
179,H19,Colorectal Cancer,"qPCR, RNAi, Western blot, Luciferase reporter assay etc.",up-regulated,28164117.0,3.0
180,H19,Colorectal Cancer,"qPCR, Western blot, RIP, Luciferase reporter assay etc.",up-regulated,26068968.0,3.0
181,H19,Colorectal Cancer,qPCR,up-regulated,28406230.0,3.0
182,H19,Colorectal Cancer,"qPCR, Western blot etc.",up-regulated,28781681.0,3.0
183,HAGLR,Colorectal Cancer,qPCR,down-regulated,28406230.0,12.0
184,HAND2-AS1,Colorectal Cancer,"qPCR, Western blot, Luciferase reporter assay, RIP etc",down-regulated,31760170.0,11.0
185,HAND2-AS1,Colorectal Cancer,"qPCR, Luciferase assay",down-regulated,30078677.0,11.0
186,"HCG18
",Colorectal Cancer,"RT-qPCR, Dual luciferase reporter assay, Western blot analysis",up-regulated,31854468.0,4.0
187,HCP5,Colorectal Cancer,"qPCR, Western blot",up-regulated,30899394.0,1.0
188,HIF1A-AS1,Colorectal Cancer,qPCR,up-regulated,28946548.0,1.0
189,HIF1A-AS2,Colorectal Cancer,"qRT-PCR, Western blot, Luciferase reporter assay, RIP",up-regulated,29278853.0,1.0
190,HLA-F-AS1,Colorectal Cancer,"qRT-PCR, Dual luciferase reporter gene assay, Western blot",up-regulated,31863778.0,2.0
191,HNF1A-AS1,Colorectal Cancer,"RT-qPCR, Western blot",up-regulated,32110048.0,1.0
192,HNF1A-AS1,Colon Cancer,"qPCR, Western blot, Luciferase reporter assay, RIP etc.",up-regulated,32325080.0,1.0
193,HNF1A-AS1,Colon Cancer,"qPCR, Luciferase reporter assay, RIP",up-regulated,28943452.0,1.0
194,HNF1A-AS1,Colorectal Cancer,qPCR etc.,up-regulated,28791380.0,1.0
195,HNF1A-AS1,Colorectal Cancer,"qPCR, Western blot, RNAi",up-regulated,29145164.0,1.0
196,HOTAIR,Colorectal Cancer,"RT-qPCR, Western blot",up-regulated,32144238.0,3.0
197,HOTAIR,Colorectal Cancer,"qPCR, Western blot",up-regulated,29808247.0,3.0
198,HOTAIR,Colorectal Cancer,RNA-seq,up-regulated,30981759.0,3.0
199,HOTAIR,Colorectal Cancer,"qRT-PCR, Western blot analysis, Dual luciferase reporter gene assay, RIP",up-regulated,31694696.0,3.0
200,HOTAIR,Colorectal Cancer,"qPCR, RIP, other",up-regulated,30362162.0,3.0
201,HOTAIR,Colon Cancer,"qPCR, Western blot, Luciferase reporter assay, other",down-regulated,30335892.0,3.0
202,HOTAIR,Colon Cancer,"qPCR, Luciferase reporter assay",up-regulated,31298326.0,3.0
203,HOTAIR,Colon Cancer,"qPCR, Western blot, Luciferase reporter assay etc.",up-regulated,28756022.0,3.0
204,HOTAIR,Colon Cancer,qPCR etc.,up-regulated,27298568.0,3.0
205,HOTAIR,Colon Cancer,"Microarray, qPCR, RNAi, ChIP, Luciferase reporter assay etc.",up-regulated,24022994.0,3.0
206,HOTAIR,Colon Cancer,"qPCR, RNAi, Western blot, Flow cytometry assay etc.",up-regulated,26962687.0,3.0
207,HOTAIR,Colon Cancer,"qPCR, RNAi, Western blot etc.",up-regulated,24840737.0,3.0
208,HOTAIR,Colorectal Cancer,"qPCR, Luciferase reporter assay etc.",up-regulated,29137688.0,3.0
209,HOTAIR,Colorectal Cancer,"qPCR, Western blot etc.",down-regulated,27069543.0,3.0
210,HOTAIR,Colorectal Cancer,qPCR etc.,down-regulated,26823726.0,3.0
211,HOTAIR,Colorectal Cancer,qPCR etc.,up-regulated,24583926.0,3.0
212,HOTAIR,Colorectal Cancer,"Microarray, qPCR etc.",up-regulated,25456707.0,3.0
213,HOTAIR,Colorectal Cancer,"qPCR, RNAi etc.",up-regulated,25432874.0,3.0
214,HOTAIR,Colorectal Cancer,"qPCR, RNAi etc.",up-regulated,21862635.0,3.0
215,HOTAIR,Colorectal Cancer,"qPCR, RIP, Western blot etc.",down-regulated,28918035.0,3.0
216,HOTAIR,Colorectal Cancer,"qPCR, Western blot, Luciferase report assay etc.",up-regulated,28364379.0,3.0
217,HOTAIR,Colorectal Cancer,"qPCR, Luciferase reporter assay, Western blot, RIP",up-regulated,29680837.0,3.0
218,HOTAIR,Colorectal Cancer,"qPCR, RNAi, Western blot etc.",up-regulated,26549670.0,3.0
219,HOTAIR,Colorectal Cancer,"qPCR, western blot etc.",down-regulation,29808247.0,3.0
220,HOTAIR,Colorectal Cancer,"qPCR, Western blot etc.",up-regulated,29808247.0,3.0
221,HOTAIRM1,Colorectal Cancer,"qPCR, Western blot, Luciferase reporter assay, RIP",down-regulated,31261026.0,2.0
222,HOTAIRM1,Colorectal Cancer,"Microarray, qPCR, Cell proliferation assay etc.",down-regulated,27307307.0,2.0
223,HOTTIP,Colorectal Cancer,"qRT-PCR, Western blotting Assay",up-regulated,31945724.0,1.0
224,HOTTIP,Colorectal Cancer,"qPCR, Western blot, other",up-regulated,30229808.0,1.0
225,HOTTIP,Colorectal Cancer,"qPCR, Western blot",down-regulated,31251124.0,1.0
226,HOTTIP,Colorectal Cancer,qPCR etc.,up-regulated,26617875.0,1.0
227,HOTTIP,Colorectal Cancer,"qRT-PCR, Western blot, Luciferase reporter assay",up-regulated,29274585.0,1.0
228,HOTTIP,Colorectal Cancer,"qPCR, RNAi, Western blot etc.",up-regulated,26678886.0,1.0
229,HOXA-AS2,Colorectal Cancer,qPCR etc.,up-regulated,27596298.0,1.0
230,HOXA-AS2,Colorectal Cancer,"qPCR, RNAi, Western blot, RIP, ChIP, Flow cytometry assay, Cell proliferation assay etc.",up-regulated,28112720.0,1.0
231,HOXA11-AS,Colorectal Cancer,"qRT-PCR , Luciferase reporter assay , Western blot etc.",down-regulated,31013434.0,1.0
232,HOXA11-AS,Colorectal Cancer,"qPCR, Western blot etc.",up-regulated,29050308.0,1.0
233,HOXA11-AS,Colorectal Cancer,qPCR etc.,down-regulated,27895785.0,1.0
234,HOXB-AS3,Colon Cancer,"qPCR, Western blot etc.",down-regulated,28985503.0,8.0
235,HULC,Colon Cancer,"qPCR, Western blot, Luciferase reporter assay, in vitro knockdown, etc.",up-regulated,30551459.0,1.0
236,HULC,Colorectal Cancer,qPCR etc.,up-regulated,19445043.0,1.0
237,HULC,Colorectal Cancer,"qPCR, RNAi, Western blot, ChIP, RNA pull-down assay etc.",up-regulated,27496341.0,1.0
238,IQCJ-SCHIP1-AS1,Colorectal Cancer,"RNA-seq, qPCR",down-regulated,31205916.0,1.0
239,ITIH4-AS1,Colorectal Cancer,qPCR,up-regulated,31557619.0,1.0
240,kcna3,Colorectal Cancer,"qPCR, Western blot",down-regulated,30099342.0,2.0
241,KCNQ1OT1,Colon Cancer,"qRT-PCR , Luciferase reporter assay , Western blot , in vitro knockdown etc.",up-regulated,31040703.0,1.0
242,KCNQ1OT1,Colorectal Cancer,"qRT-PCR, Microarray analysis etc.",up-regulated,30997746.0,1.0
243,KCNQ1OT1,Colorectal Cancer,"qPCR, RNAi, Western blot, ChIP, Luciferase reporter assay, RNA-FISH etc.",up-regulated,26868975.0,1.0
244,KCNQ1OT1,Colorectal Cancer,"qPCR, FISH etc.",differential expression,16965397.0,1.0
245,"KIAA0125",Colon Cancer,"qRT-PCR , RNA-seq etc.",down-regulated,31043791.0,1.0
246,"KIAA0125",Colorectal Cancer,"qPCR, Western blot",down-regulated,31228314.0,1.0
247,KRT7-AS,Colorectal Cancer,"qRT-PCR, Western blotting, Luciferase reporter assay, RNA-seq",up-regulated,31910722.0,1.0
248,LDLRAD4-AS1,Colorectal Cancer,"qRT-PCR, Western blot",up-regulated,32111819.0,1.0
249,LEF1-AS1,Colon Cancer,"qPCR, Western blot, Luciferase reporter assay etc.",up-regulated,32308428.0,2.0
250,LEF1-AS1,Colorectal Cancer,qPCR etc.,up-regulated,32248974.0,2.0
251,LEF1-AS1,Colorectal Cancer,qPCR,up-regulated,31536481.0,2.0
252,LIFR-AS1,Colorectal Cancer,"Microarray, qPCR, Luciferase reporter assay, RNAi",up-regulated,29807108.0,2.0
253,"LINC-ITGB1",Colorectal Cancer,"qPCR, Western blot, in vitro knockdown",up-regulated,31378884.0,1.0
254,LINC-PINT,Colorectal Cancer,"Microarray, qPCR, RIP etc.",down-regulated,24070194.0,13.0
255,"LINC-POU3F3",Colon Cancer,qPCR,differential expression,29116072.0,4.0
256,"LINC-POU3F3",Colorectal Cancer,"qPCR, RNAi, Flow cytometry assay etc.",up-regulated,26510906.0,4.0
257,LINC-ROR,Colorectal Cancer,"qPCR, RNAi, Western blot etc.",up-regulated,26169368.0,2.0
258,LINC-ROR,Colon Cancer,qPCR etc.,down-regulated,26314857.0,2.0
259,LINC-ROR,Colon Cancer,"qPCR, RNAi, Western blot, RIP, Luciferase reporter assay etc.",up-regulated,23208419.0,2.0
260,LINC-ROR,Colorectal Cancer,"qPCR, RNAi, Western blot, Luciferase reporter assay, Cell proliferation assay etc.",up-regulated,27696511.0,2.0
261,LINC-ROR,Colorectal Cancer,"qPCR, RNAi, Western blot, MTT assay etc.",up-regulated,28216611.0,2.0
262,LINC-ROR,Colon Cancer,qPCR etc.,up-regulated,27071407.0,2.0
263,LINC-ROR,Colon Cancer,"qPCR, Western blot, luciferase reporter assay etc.",up-regulated,29690669.0,2.0
264,LINC-ROR,Colorectal Cancer,"qPCR, Western blot, Luciferase reporter assay, RIP etc",up-regulated,32273727.0,2.0
265,LINC-ROR,Colorectal Cancer,"qPCR, Luciferase reporter assay etc",up-regulated,32196591.0,2.0
266,LINC-UFC1 (LOC112543491),Colorectal Cancer,"qPCR, in vitro knockdown etc.",up-regulated,27195675.0,1.0
267,LINC00114,Colorectal Cancer,"Western blotting, Luciferase Reporter Assay, RIP",up-regulated,31921641.0,2.0
268,LINC00174,Colorectal Cancer,"qPCR, Luciferase reporter assay etc.",up-regulated,29729381.0,1.0
269,LINC00261,Colon Cancer,"qRT-PCR , Western blot , RIP etc.",up-regulated,31183860.0,1.0
270,LINC00261,Colon Cancer,"qPCR, Western blot",down-regulated,29267503.0,1.0
271,LINC00265,Colorectal Cancer,"qRT-PCR, Western blot analysis",up-regulated,31824175.0,1.0
272,LINC00312,Colorectal Cancer,"qPCR, Western blot, luciferase reporter assay",down-regulated,30134003.0,1.0
273,LINC00324,Colorectal Cancer,"Western blot analysis, qRT-PCR, Dual Luciferase Assay",up-regulated,31858541.0,1.0
274,LINC00460,Colon Cancer,"qRT-PCR, Western blot",up-regulated,32069703.0,2.0
275,LINC00460,Colorectal Cancer,"qPCR, Luciferase reporter assay, Western blot",up-regulated,30863183.0,2.0
276,LINC00460,Colorectal Cancer,qPCR,up-regulated,30123352.0,2.0
277,LINC00460,Colorectal Cancer,"qPCR, Western blot, Luciferase reporter assay, ChIP, RIP",up-regulated,30092404.0,2.0
278,LINC00461,Colorectal Cancer,"qRT-PCR, Dual luciferase reporter assay, Western blot",up-regulated,31908480.0,14.0
279,LINC00467,Colorectal Cancer,"qPCR, Western blot, Luciferase reporter assay, RIP etc",up-regulated,31772673.0,1.0
280,LINC00472,Colorectal Cancer,qPCR etc.,down-regulated,29488624.0,4.0
281,LINC00473,Colorectal Cancer,"qPCR, Western blot, luciferase reporter assay",up-regulated,30126852.0,2.0
282,LINC00504,Colon Cancer,qRT-PCR etc.,up-regulated,30998289.0,1.0
283,LINC00511,Colorectal Cancer,qRT-PCR,up-regulated,32092829.0,1.0
284,LINC00520,Colorectal Cancer,"RT-qPCR, Western blot",up-regulated,32146708.0,2.0
285,LINC00630,Colorectal Cancer,"qRT-PCR, Western blot",up-regulated,32119177.0,7.0
286,LINC00659,Colorectal Cancer,"Microarray, qPCR etc.",up-regulated,29523145.0,2.0
287,LINC00662,Colon Cancer,"luciferase reporter assay, Western-blot analysis, qRT-PCR",up-regulated,31900207.0,1.0
288,LINC00707,Colorectal Cancer,"RT-qPCR, Western blot, RIP",up-regulated,32010320.0,1.0
289,LINC00707,Colorectal Cancer,"qRT-PCR , Luciferase reporter assay , Western blot , in vitro knockdown etc.",up-regulated,31115001.0,1.0
290,LINC00707,Colorectal Cancer,"qPCR, Western blot, Luciferase reporter assay",up-regulated,31213848.0,1.0
291,LINC00858,Colorectal Cancer,"qPCR, Western blot, RIP etc.",up-regulated,32323793.0,1.0
292,LINC00858,Colorectal Cancer,"qPCR, Luciferase reporter assay, RIP, Western blot, Microarray",up-regulated,30931636.0,1.0
293,LINC00858,Colorectal Cancer,"Dual luciferase reporter assay, RIP, qRT-PCR, Western blot",up-regulated,31902050.0,1.0
294,LINC00858,Colon Cancer,"RT-qPCR, Western blot analysis, RIP, Dual luciferase reporter assay",up-regulated,31884577.0,1.0
295,LINC00957,Colorectal Cancer,"qPCR, Western blot, etc.",up-regulated,31497531.0,3.0
296,"LINC00959",Colorectal Cancer,"qPCR, Western blot, RNAi etc.",down-regulated,29228592.0,2.0
297,"LINC01021",Colorectal Cancer,"RNA-seq, qPCR, Western blot, Luciferase reporter assay, pSILAC etc.",up-regulated,26183718.0,1.0
298,"LINC01021",Colorectal Cancer,"qPCR, Luciferase reporter assay, Western blot etc.",up-regulated,29262524.0,1.0
299,LINC01082,Colon Cancer,"qPCR, other",down-regulated,31432387.0,1.0
300,LINC01119,Colorectal Cancer,RNA-seq,differential expression,30880326.0,1.0
301,LINC01133,Colorectal Cancer,qPCR,down-regulated,28537675.0,1.0
302,LINC01133,Colorectal Cancer,"qPCR, Western blot, RIP etc.",down-regulated,27443606.0,1.0
303,LINC01194,Colorectal Cancer,"qPCR, Western blot",up-regulated,30962722.0,1.0
304,LINC01234,Colon Cancer,"qPCR, Luciferase reporter assay, Western blot",up-regulated,30755591.0,2.0
305,LINC01234,Colorectal Cancer,"Dual luciferase reporter assay, qRT-PCR.RIP, Western blot",up-regulated,31904146.0,2.0
306,LINC01234,Colorectal Cancer,"qPCR, Western blot, in vitro knockdown",up-regulated,31650732.0,2.0
307,"LINC01296",Colorectal Cancer,"qPCR, Western blot, Luciferase reporter assay, in vitro knockdown, RIP, etc.",differential expression,30547804.0,2.0
308,"LINC01296",Colon Cancer,"qPCR, RIP etc.",up-regulated,29673421.0,2.0
309,LINC01354,Colorectal Cancer,"qRT-PCR , Luciferase reporter assay , Western blot , RIP , in vitro knockdown etc.",up-regulated,30987669.0,1.0
310,LINC01410,Colon Cancer,"qPCR, Western blot, etc.",up-regulated,30546401.0,1.0
311,LINC01413,Colorectal Cancer,"Microarray, qRT-PCR, Western blot, RIP, Luciferase Reporter Assay, In Vivo Assays",up-regulated,31927328.0,1.0
312,LINC01503,Colorectal Cancer,"qPCR, Luciferase reporter assay, etc.",up-regulated,30542444.0,2.0
313,"LINC01510",Colorectal Cancer,"qPCR, etc.",up-regulated,30536314.0,3.0
314,"LINC01510",Colorectal Cancer,"Microarray, qPCR, Western blot etc.",up-regulated,29581707.0,3.0
315,LINC01555,Colorectal Cancer,"RT-PCR , Western blot , in vitro knockdown etc.",up-regulated,31144675.0,1.0
316,LINC01602,Colorectal Cancer,qRT-PCR,up-regulated,31824849.0,1.0
317,LINC02418,Colorectal Cancer,"qPCR, Western blot, Luciferase reporter assay",up-regulated,31358735.0,1.0
318,LINC02595,Colorectal Cancer,"qRT-PCR, Western blot, Microarray",up-regulated,32064615.0,1.0
319,"lnc-OC1",Colorectal Cancer,"qPCR, Western blot, RIP, Microarray, etc.",down-regulated,29931370.0,1.0
320,"lncCMPK2",Colorectal Cancer,"qPCR, Western blot etc",up-regulated,32203166.0,1.0
321,lncRNA-ATB,Colorectal Cancer,"Western blot, Luciferase reporter assay",up-regulated,31222825.0,1.0
322,lncRNA-ATB,Colorectal Cancer,qRT-PCR etc.,up-regulated,31093977.0,1.0
323,lncRNA-ATB,Colorectal Cancer,"qPCR, Western blot etc.",differential expressed,32256798.0,1.0
324,lncRNA-ATB,Colon Cancer,qPCR etc.,up-regulated,26487301.0,1.0
325,lncRNA-ATB,Colorectal Cancer,qPCR etc.,up-regulated,25750289.0,1.0
326,"lncRNA-HEIH",Colorectal Cancer,"qPCR, Luciferase reporter assay, Western blot etc.",up-regulated,29081216.0,1.0
327,"lncRNA-LET",Colorectal Cancer,"qPCR, Western blot, RIP, in vitro knockdown etc.",down-regulated,23395002.0,1.0
328,"lncRNA-MIF",Colon Cancer,"qPCR, Luciferase reporter assay etc.",differential expression,27317567.0,1.0
329,"lncRNA00673",Colorectal Cancer,qPCR,up-regulated,29461596.0,5.0
330,"lncTCF7",Colorectal Cancer,"qPCR, Western blot",up-regulated,29344178.0,1.0
331,"lncTCF7",Colorectal Cancer,qPCR etc.,up-regulated,29532890.0,1.0
332,"LOC100287225",Colorectal Cancer,qPCR etc.,down-regulated,27062707.0,2.0
333,"LOC100287225",Colorectal Cancer,qPCR etc.,down-regulated,26429648.0,2.0
334,"LOC285194",Colorectal Cancer,qPCR etc.,up-regulated,27683121.0,1.0
335,"LOC285194",Colon Cancer,"qPCR, RNAi, Western blot, ChIP, Luciferase reporter assay, Cell proliferation assay, ISH etc.",differential expression,23558749.0,1.0
336,"LOC285629",Colorectal Cancer,"qPCR, in vitro knockdown, RNAi etc.",down-regulated,29098557.0,2.0
337,"LOC554202",Colorectal Cancer,qPCR etc.,down-regulated,27831651.0,4.0
338,"LOC554202",Colorectal Cancer,"qPCR, RNAi, Western blot, Luciferase reporter assay, IHC etc.",down-regulated,26362196.0,4.0
339,LSINCT5,Colorectal Cancer,qPCR etc.,up-regulated,25526476.0,1.0
340,LUADT1,Colorectal Cancer,qPCR etc.,up-regulated,29762830.0,1.0
341,LUCAT1,Colorectal Cancer,"qPCR, RT-PCR, RNA-seq",up-regulated,31964396.0,2.0
342,LUCAT1,Colorectal Cancer,"qPCR, Western blot, in vitro knockdown, RIP, etc.",up-regulated,30690837.0,2.0
343,LUNAR1,Colorectal Cancer,RT-PCR,up-regulated,31882986.0,1.0
344,"MAFG-AS1",Colorectal Cancer,"qPCR, Western blot, Luciferase reporter assay, other",up-regulated,30348529.0,1.0
345,"MAFG-AS1",Colorectal Cancer,"Microarray, qPCR etc.",up-regulated,27147563.0,1.0
346,MAGI2-AS3,Colorectal Cancer,"qRT-PCR, Western blot",up-regulated,31709544.0,4.0
347,MALAT1,Colorectal Cancer,"qPCR, Western blot, in vitro knockdown, RNAi",up-regulated,29964337.0,3.0
348,MALAT1,Colorectal Cancer,"qPCR, Luciferase reporter assay etc",up-regulated,32349546.0,3.0
349,MALAT1,Colorectal Cancer,"qPCR, Western blot etc.",differential expressed,32323831.0,3.0
350,MALAT1,Colorectal Cancer,"qPCR, Western blot, RIP, Luciferase reporter assay etc",differential expressed,32209115.0,3.0
351,MALAT1,Colon Cancer,"qPCR, Western blot, Dual luciferase reporter assay",up-regulated,30154407.0,3.0
352,MALAT1,Colorectal Cancer,"qPCR, Western blot, Luciferase reporter assay, RNAi, other",up-regulated,30285605.0,3.0
353,MALAT1,Colorectal Cancer,"qPCR, Western blot, Luciferase reporter assay, etc.",up-regulated,30716387.0,3.0
354,MALAT1,Colorectal Cancer,"qPCR, Western blot, Luciferase reporter assay",up-regulated,31372165.0,3.0
355,MALAT1,Colorectal Cancer,qPCR,up-regulated,31328973.0,3.0
356,MALAT1,Colorectal Cancer,"qPCR, Western blot, Luciferase reporter assay, RIP",differential expression,31311811.0,3.0
357,MALAT1,Colon Cancer,"qPCR, Luciferase reporter assay, Western blot",up-regulated,29226325.0,3.0
358,MALAT1,Colon Cancer,"Microarray, qPCR, RNAi etc.",up-regulated,25546229.0,3.0
359,MALAT1,Colon Cancer,"qPCR, Western blot, Luciferase reporter assay, in vitro knockdown etc.",down-regulated,29574704.0,3.0
360,MALAT1,Colorectal Cancer,"RT-qPCR, Western blot, in vitro knockdown",up-regulated,29328404.0,3.0
361,MALAT1,Colorectal Cancer,qPCR etc.,up-regulated,29190941.0,3.0
362,MALAT1,Colorectal Cancer,"qPCR, Western blot etc.",down-regulated,26887056.0,3.0
363,MALAT1,Colorectal Cancer,"Microarray, qPCR etc.",up-regulated,27591862.0,3.0
364,MALAT1,Colorectal Cancer,qPCR etc.,up-regulated,27596298.0,3.0
365,MALAT1,Colorectal Cancer,"qPCR, RIP, in vitro knockdown etc.",up-regulated,25025966.0,3.0
366,MALAT1,Colorectal Cancer,qPCR etc.,up-regulated,25031737.0,3.0
367,MALAT1,Colorectal Cancer,"qPCR, RNAi, Western blot, RIP, ChIP, Cell migration and invasion assay etc.",up-regulated,28069878.0,3.0
368,MALAT1,Colorectal Cancer,"Microarray, qPCR, Western blot etc.",up-regulated,25446987.0,3.0
369,MALAT1,Colorectal Cancer,"qPCR, RNAi, Western blot, RIP, Luciferase reporter assay etc.",up-regulated,24244343.0,3.0
370,MALAT1,Colorectal Cancer,qPCR etc.,differential expression,21503572.0,3.0
371,MALAT1,Colorectal Cancer,"qPCR, Western blot, etc.",down-regulation,29964337.0,3.0
372,MAPKAPK5-AS1,Colorectal Cancer,"qPCR, Western blot, RIP, other",up-regulated,30343528.0,5.0
373,MBNL1-AS1,Colon Cancer,"qPCR, Western blot, Luciferase reporter assay, RIP",down-regulated,31255531.0,2.0
374,MEG3,Colorectal Cancer,"Western blot, Luciferase reporter assay etc",up-regulated,32219064.0,15.0
375,MEG3,Colorectal Cancer,qPCR,down-regulated,30978169.0,15.0
376,MEG3,Colorectal Cancer,"qPCR, RIP, Luciferase Reporter Assay, Western blot",down-regulated,30119236.0,15.0
377,MEG3,Colorectal Cancer,"qPCR, Western blot, other",down-regulated,31413531.0,15.0
378,MEG3,Colorectal Cancer,"qPCR, Western blot, etc.",down-regulated,30556866.0,15.0
379,MEG3,Colorectal Cancer,"qPCR, Western blot, Luciferase reporter assay",down-regulated,31632544.0,15.0
380,MEG3,Colorectal Cancer,Genotyping etc.,differential expression,26934323.0,15.0
381,MEG3,Colon Cancer,"qPCR, Western blot, Northern blot, ChIP etc.",down-regulated,17569660.0,15.0
382,MEG3,Colon Cancer,"qPCR, ISH etc.",down-regulated,14602737.0,15.0
383,MEG3,Colorectal Cancer,qPCR,down-regulated,28731151.0,15.0
384,MEG3,Colorectal Cancer,qPCR etc.,down-regulated,27391432.0,15.0
385,MEG3,Colorectal Cancer,"qPCR, Western blot, Flow cytometry assay etc.",down-regulated,25636452.0,15.0
386,MEG3,Colorectal Cancer,"Western blot, Luciferase reporter assay, in vitro knockdown etc.",down-regulated,29628342.0,15.0
387,"MFI2-AS1",Colorectal Cancer,"qRT-PCR, Western blotting etc.",up-regulated,31094023.0,1.0
388,MIA-RAB4B,Colorectal Cancer,"qPCR, Microsatellite instability assay etc.",down-regulated,28306719.0,1.0
389,MIAT,Colorectal Cancer,qRT-PCR etc.,up-regulated,31567876.0,4.0
390,MIAT,Colorectal Cancer,"qPCR, Western blot, Luciferase reporter assay etc.",up-regulated,29686537.0,4.0
391,MIR100HG,Colorectal Cancer,RT-qPCR,up-regulated,31814848.0,23.0
392,MIR100HG,Colorectal Cancer,qPCR etc.,up-regulated,29035371.0,23.0
393,MIR155HG,Colon Cancer,"Microarray, qPCR, RNA pull-down assay etc.",down-regulated,27821766.0,1.0
394,MIR17HG,Colorectal Cancer,"qPCR, RIP, other",up-regulated,31409641.0,2.0
395,MIR22HG,Colorectal Cancer,"qRT-PCR, Western blot",down-regulated,32127004.0,4.0
396,MIR503HG,Colorectal Cancer,qPCR,down-regulated,31278965.0,1.0
397,MIR600HG,Colorectal Cancer,"qPCR, Western blot, Luciferase reporter assay etc",down-regulated,32270866.0,1.0
398,"MLK7-AS1",Colorectal Cancer,"qPCR, Western blot, in vitro knockdown, etc.",up-regulated,30535460.0,1.0
399,MNX1-AS1,Colorectal Cancer,"Microarray, qPCR, Luciferase reporter assay etc.",up-regulated,25663692.0,1.0
400,"MORT",Colon Cancer,"RT-qPCR, Western blot assay",down-regulated,31966041.0,2.0
401,"MYCLo-5",Colorectal Cancer,"qPCR, Flow cytometry assay, Cell proliferation assay etc.",down-regulated,26003165.0,1.0
402,MYCNOS,Colon Cancer,"Microarray, qPCR, RNA pull-down assay etc.",down-regulated,27821766.0,3.0
403,"MYU",Colon Cancer,"qPCR, RIP, RNA pull-down assay etc.",up-regulated,27568568.0,1.0
404,"Nbla12061",Colorectal Cancer,qPCR etc.,up-regulated,27683121.0,4.0
405,NBR2,Colorectal Cancer,"Western blotting, RT-PCR",up-regulated,31888414.0,2.0
406,NBR2,Colorectal Cancer,"qRT-PCR , Luciferase reporter assay etc.",down-regulated,31571148.0,2.0
407,"NCRNA00028",Colon Cancer,"Microarray, qPCR, RNA pull-down assay etc.",down-regulated,27821766.0,1.0
408,ncRuPAR,Colorectal Cancer,"qPCR, Immunohistochemistry etc.",down-regulated,25119598.0,1.0
409,NEAT1,Colon Cancer,"qRT-PCR, Western blot",up-regulated,32077635.0,2.0
410,NEAT1,Colorectal Cancer,"RT-qPCR, Western blot",up-regulated,32065361.0,2.0
411,NEAT1,Colorectal Cancer,"qPCR, Western blot, RIP",differential expression,31558855.0,2.0
412,NEAT1,Colorectal Cancer,"Western blotting, qRT-PCR, Dual Luciferase assay",up-regulated,31802650.0,2.0
413,NEAT1,Colon Cancer,"qRT-PCR , Luciferase reporter assay , Western blot , in vitro knockdown etc.",up-regulated,31173354.0,2.0
414,NEAT1,Colorectal Cancer,"qPCR, Western blot, RIP, Dual Luciferase Assay",up-regulated,30185232.0,2.0
415,NEAT1,Colorectal Cancer,"qPCR, Western blot, Luciferase reporter assay, other",up-regulated,30407674.0,2.0
416,NEAT1,Colorectal Cancer,"qPCR, Western blot, Luciferase reporter assay, other",up-regulated,30383193.0,2.0
417,NEAT1,Colorectal Cancer,"qPCR, Western blot, Luciferase reporter assay, other",up-regulated,30312725.0,2.0
418,NEAT1,Colorectal Cancer,qPCR,differential expression,28698299.0,2.0
419,NEAT1,Colorectal Cancer,qPCR etc.,up-regulated,26314847.0,2.0
420,NEAT1,Colorectal Cancer,"qPCR, Western blot, Flow cytometry assay etc.",up-regulated,28013491.0,2.0
421,NEAT1,Colorectal Cancer,"qPCR, RNAi, Cell proliferation assay, Cell invasion assay etc.",up-regulated,26552600.0,2.0
422,NKILA,Colorectal Cancer,"qPCR, other",down-regulated,31423284.0,1.0
423,NNT-AS1,Colorectal Cancer,"qPCR, RNAi, Western blot, Cell proliferation assay, Cell migration and invasion assay etc.",up-regulated,27966450.0,1.0
424,NORAD,Colorectal Cancer,"qRT-PCR, Western blot, in vitro knockdown, Luciferase reporter assay",up-regulated,29471886.0,1.0
425,NR2F2-AS1,Colorectal Cancer,qPCR etc.,up-regulated,32210626.0,3.0
426,NR2F2-AS1,Colorectal Cancer,"qPCR, Western blot, other",up-regulated,31432342.0,3.0
427,NR4A1AS,Colorectal Cancer,"qPCR, Western blot, Luciferase reporter assay, in vitro knockdown, RIP",up-regulated,31253658.0,1.0
428,"NR_015441",Colorectal Cancer,"Microarray, qPCR etc.",differential expression,25421768.0,1.0
429,"NR_033374",Colorectal Cancer,"Microarray, qPCR etc.",differential expression,25421768.0,1.0
430,"NR_033878",Colorectal Cancer,"Microarray, qPCR etc.",down-regulated,27165481.0,1.0
431,"NR_036537",Colorectal Cancer,"Microarray, qPCR etc.",up-regulated,27165481.0,1.0
432,"NR_037661",Colorectal Cancer,"Microarray, qPCR etc.",down-regulated,26847923.0,1.0
433,"NR_038990",Colorectal Cancer,"Microarray, qPCR etc.",down-regulated,25921151.0,1.0
434,"NR_045617",Colorectal Cancer,"Microarray, qPCR etc.",up-regulated,26847923.0,1.0
435,"NR_046321",Colorectal Cancer,"Microarray, qPCR etc.",down-regulated,27591862.0,1.0
436,"NR_046711",Colorectal Cancer,"Microarray, qPCR etc.",up-regulated,27165481.0,1.0
437,"NR_110882",Colorectal Cancer,"qPCR, other",up-regulated,30446877.0,1.0
438,OIP5-AS1,Colorectal Cancer,"qPCR, Western blot, Luciferase reporter assay, in vitro knockdown",down-regulated,29773344.0,4.0
439,OIP5-AS1,Colon Cancer,"Western blot, Luciferase reporter assay etc.",up-regulated,32308348.0,4.0
440,OIP5-AS1,Colorectal Cancer,"Microarray, qPCR, Western blot etc.",down-regulated,29773344.0,4.0
441,PANDAR,Colorectal Cancer,qPCR,up-regulated,31328973.0,1.0
442,PANDAR,Colorectal Cancer,"qPCR, RNAi, Western blot, Cell proliferation assay etc.",up-regulated,28176943.0,1.0
443,PANDAR,Colorectal Cancer,"qPCR, RNAi, MTT assay etc.",up-regulated,28106228.0,1.0
444,PANDAR,Colorectal Cancer,"qPCR, RNAi, Western blot, Flow cytometry assay, Cell proliferation assay etc.",up-regulated,27629879.0,1.0
445,PART1,Colorectal Cancer,"luciferase assay, RIP, RT-PCR",up-regulated,31898365.0,3.0
446,PART1,Colorectal Cancer,"qRT-PCR, Western blot.Luciferase Reporter Assay, RIP",up-regulated,31669140.0,3.0
447,PART1,Colorectal Cancer,"qPCR, Western blot, luciferase reporter assay",up-regulated,28619512.0,3.0
448,PCAT1,Colorectal Cancer,qPCR,up-regulated,31253700.0,1.0
449,PCAT1,Colorectal Cancer,"qPCR, Western blot, Luciferase reporter assay",up-regulated,31646561.0,1.0
450,PCAT1,Colorectal Cancer,"qPCR, Western blot etc.",down-regulated,28855110.0,1.0
451,PCAT1,Colorectal Cancer,"Microarray, qPCR etc.",up-regulated,27591862.0,1.0
452,PCAT1,Colorectal Cancer,qPCR etc.,up-regulated,23640607.0,1.0
453,PCAT6,Colorectal Cancer,"qPCR, Luciferase reporter assay, Western blot",up-regulated,30938104.0,2.0
454,PGM5-AS1,Colorectal Cancer,"qPCR, Luciferase reporter assay etc",up-regulated,32354224.0,3.0
455,PICART1,Colorectal Cancer,"qPCR, Cell transfection, Western blot, Cell proliferation assay etc.",down-regulated,28339031.0,1.0
456,PINCR,Colorectal Cancer,"qPCR, Western blot, Luciferase reporter assays",differential expression,28580901.0,1.0
457,"PlncRNA-1",Colorectal Cancer,Western blot etc.,up-regulated,29738066.0,3.0
458,"PlncRNA-1",Colorectal Cancer,"qPCR, Western blot, in vitro knockdown etc.",up-regulated,28835319.0,3.0
459,POU6F2-AS2,Colon Cancer,RT-qPCR,up-regulated,32100443.0,1.0
460,PRKCQ-AS1,Colorectal Cancer,RT-qPCR,up-regulated,31708689.0,2.0
461,PRNCR1,Colorectal Cancer,qPCR etc.,differential expression,24330491.0,1.0
462,PRNCR1,Colorectal Cancer,"qPCR, Flow cytometry assay etc.",up-regulated,26530130.0,1.0
463,PVT1,Colorectal Cancer,qPCR,up-regulated,29888675.0,1.0
464,PVT1,Colorectal Cancer,"qPCR, Western blot, Luciferase reporter assay etc",up-regulated,32276209.0,1.0
465,PVT1,Colorectal Cancer,qPCR,up-regulated,30978169.0,1.0
466,PVT1,Colorectal Cancer,"qRT-PCR , Luciferase reporter assay , Western blot , RIP , in vitro knockdown etc.",up-regulated,31125260.0,1.0
467,PVT1,Colon Cancer,"qPCR, Western blot, Luciferase reporter assay, in vitro knockdown, etc.",up-regulated,30504754.0,1.0
468,PVT1,Colorectal Cancer,"qPCR, etc.",up-regulated,31509024.0,1.0
469,PVT1,Colon Cancer,"qPCR, Western blot, RIP",up-regulated,29552759.0,1.0
470,PVT1,Colorectal Cancer,"Microarray, qPCR etc.",up-regulated,26990997.0,1.0
471,PVT1,Colorectal Cancer,"qPCR, Western blot etc.",up-regulated,29512788.0,1.0
472,PVT1,Colorectal Cancer,qPCR etc.,up-regulated,27596298.0,1.0
473,PVT1,Colorectal Cancer,"qPCR, Western blot etc.",up-regulated,29637007.0,1.0
474,PVT1,Colorectal Cancer,qPCR,up-regulated,28381186.0,1.0
475,PVT1,Colorectal Cancer,"Microarray, qPCR, RNAi, Western blot etc.",up-regulated,24196785.0,1.0
476,PVT1,Colorectal Cancer,"qPCR, etc.",up-regulated,29888675.0,1.0
477,RBM5-AS1,Colon Cancer,"qPCR, Cell transfection, Dual luciferase reporter assay, Flow cytometry assay etc.",differential expression,27520449.0,1.0
478,"RNCR3",Colorectal Cancer,"qPCR, Western blot, Luciferase reporter assay, RIP etc.",up-regulated,32239427.0,1.0
479,ROR1-AS1,Colon Cancer,"qPCR, RIP",up-regulated,32096171.0,2.0
480,ROR1-AS1,Colorectal Cancer,"RT-qPCR, Western blot analysis",up-regulated,31693094.0,2.0
481,ROR1-AS1,Colorectal Cancer,"qPCR, Western blot, Luciferase reporter assay, in vitro knockdown, RIP, etc.",up-regulated,31486489.0,2.0
482,ROR1-AS1,Colorectal Cancer,"qPCR, Western blot, in vitro knockdown",up-regulated,31389604.0,2.0
483,"RPL34-AS1",Colorectal Cancer,"Microarray, qPCR etc.",down-regulated,24908062.0,1.0
484,RPPH1,Colorectal Cancer,RNA-seq,up-regulated,31685807.0,1.0
485,RUNX1-IT1,Colorectal Cancer,"qPCR, Western blot, in vitro knockdown, etc.",down-regulated,30499136.0,1.0
486,SATB1-AS1,Colorectal Cancer,RT-qPCR,down-regulated,31708689.0,1.0
487,SATB2-AS1,Colorectal Cancer,"qPCR, RIP",down-regulated,30858153.0,1.0
488,SATB2-AS1,Colorectal Cancer,"qPCR, Western blot, RIP, etc.",down-regulated,31492160.0,1.0
489,SBDSP1,Colorectal Cancer,qPCR etc.,down-regulated,28975982.0,4.0
490,SBDSP1,Colorectal Cancer,"qPCR, RNAi, Western blot, Cell proliferation assay etc.",up-regulated,27890432.0,4.0
491,SBF2-AS1,Colorectal Cancer,qPCR,up-regulated,30912164.0,1.0
492,SCARNA2,Colorectal Cancer,"qPCR, Luciferase reporter assay, other",up-regulated,30443961.0,1.0
493,SH3PXD2A-AS1,Colorectal Cancer,"RNA-seq, Microarray, qPCR, Western blot etc.",up-regulated,29734178.0,1.0
494,SLCO4A1-AS1,Colorectal Cancer,"qRT-PCR, Western blotting",up-regulated,31853225.0,1.0
495,SLCO4A1-AS1,Colorectal Cancer,"RNA-seq, qPCR",up-regulated,30039525.0,1.0
496,SLCO4A1-AS1,Colorectal Cancer,"qPCR, RNAi, RIP, other",up-regulated,30201010.0,1.0
497,SLCO4A1-AS1,Colorectal Cancer,"qPCR, Western blot, Luciferase reporter assay, in vitro knockdown",up-regulated,31308265.0,1.0
498,SLCO4A1-AS1,Colorectal Cancer,"Microarray, qPCR etc.",up-regulated,27147563.0,1.0
499,SNHG1,Colorectal Cancer,qPCR,up-regulated,31397210.0,12.0
500,SNHG1,Colorectal Cancer,qPCR etc.,up-regulated,32334448.0,12.0
501,SNHG1,Colorectal Cancer,"qPCR, Luciferase reporter assay, RNAi, RIP, other",up-regulated,30266084.0,12.0
502,SNHG1,Colorectal Cancer,"qPCR, Western blot, Luciferase reporter assay",up-regulated,31276207.0,12.0
503,SNHG1,Colon Cancer,"qPCR, Western blot etc.",up-regulated,29749530.0,12.0
504,SNHG1,Colorectal Cancer,"qPCR, Western blot",up-regulated,29416759.0,12.0
505,SNHG1,Colorectal Cancer,"qPCR, Western blot",up-regulated,29340086.0,12.0
506,SNHG1,Colorectal Cancer,"qRT-PCR, Western blot",up-regulated,29509245.0,12.0
507,SNHG1,Colorectal Cancer,"qPCR, Western blot etc.",down-regulated,28759957.0,12.0
508,SNHG11,Colorectal Cancer,"qPCR, Western blot",down-regulated,31633800.0,1.0
509,SNHG12,Colorectal Cancer,"qPCR, Luciferase reporter assay",up-regulated,31316616.0,8.0
510,SNHG12,Colorectal Cancer,"qPCR, RNAi, Western blot, Flow cytometry assay, MTT assay etc.",up-regulated,28225893.0,8.0
511,SNHG14,Colorectal Cancer,"PCR, Western blot",up-regulated,31704614.0,1.0
512,SNHG14,Colorectal Cancer,"qPCR, Western blot, Luciferase reporter assay, RIP, etc.",up-regulated,31471872.0,1.0
513,SNHG14,Colorectal Cancer,"qPCR, Western blot, Luciferase reporter assay, RIP",up-regulated,31273190.0,1.0
514,SNHG15,Colorectal Cancer,"qPCR, Luciferase reporter assay, Western blot",up-regulated,30945457.0,5.0
515,SNHG15,Colorectal Cancer,"qRT-PCR , Western blot , RIP , RNA-seq , in vitro knockdown etc.",up-regulated,31014355.0,5.0
516,SNHG15,Colon Cancer,"RNA-seq, qPCR etc.",down-regulated,29604394.0,5.0
517,SNHG15,Colorectal Cancer,"Microarray, qPCR etc.",up-regulated,27147563.0,5.0
518,SNHG17,Colorectal Cancer,"qPCR, RIP, Western blot etc.",up-regulated,28933484.0,14.0
519,SNHG20,Colorectal Cancer,"qPCR, RNAi, Western blot, Flow cytometry assay, Cell proliferation assay etc.",up-regulated,27543107.0,1.0
520,SNHG3,Colorectal Cancer,"qPCR, Luciferase reporter assay, RIP etc",up-regulated,32187965.0,2.0
521,SNHG3,Colorectal Cancer,"qPCR, Luciferase reporter assay, RIP, Western blot",up-regulated,28731158.0,2.0
522,SNHG5,Colorectal Cancer,"Microarray, qPCR, Western blot, Luciferase reporter assay, other",up-regulated,30395767.0,1.0
523,SNHG5,Colorectal Cancer,"qPCR, Western blot, Northern blot, RIP, Luciferase reporter assay etc.",up-regulated,28004750.0,1.0
524,SNHG6,Colorectal Cancer,"qPCR, western blot",differential expression,31516391.0,4.0
525,SNHG6,Colorectal Cancer,"qRT-PCR , Luciferase reporter assay , Western blot , RIP , in vitro knockdown etc.",up-regulated,31118686.0,4.0
526,SNHG6,Colorectal Cancer,"qPCR, Western blot, Luciferase reporter assay, other",up-regulated,30254467.0,4.0
527,SNHG6,Colorectal Cancer,"qPCR, Western blot, Luciferase reporter assay, in vitro knockdown, RNAi, etc.",up-regulated,30666158.0,4.0
528,SNHG6,Colorectal Cancer,"qPCR, Western blot, in vitro knockdown, etc.",up-regulated,30662328.0,4.0
529,SNHG6,Colorectal Cancer,"qPCR, Western blot, in vitro knockdown, RIP, etc.",up-regulated,30626446.0,4.0
530,SNHG6,Colorectal Cancer,"qPCR, Western blot",down-regulated,31322251.0,4.0
531,SNHG6,Colorectal Cancer,"qRT-PCR, in vitro knockdown",up-regulated,29506878.0,4.0
532,SNHG7,Colorectal Cancer,"Microarray, qPCR, Western blot, Luciferase reporter assay, in vitro knockdown, RIP",up-regulated,29970122.0,3.0
533,SNHG7,Colorectal Cancer,"qPCR, Western blot, Luciferase reporter assay, in vitro knockdown, RIP",up-regulated,29915311.0,3.0
534,SNHG7,Colorectal Cancer,"Microarray, qPCR, RIP, Luciferase reporter assay, Western blot, etc.",down-regulation,29970122.0,3.0
535,SNHG7,Colorectal Cancer,"qPCR, Western blot, Dual luciferase reporter assays, RIP, etc.",up-regulated,29915311.0,3.0
536,SOX21-AS1,Colorectal Cancer,"qPCR, Luciferase reporter assay, RIP",up-regulated,29217166.0,1.0
537,"SOX2OT",Colorectal Cancer,"qPCR, RNAi, Western blot, Cell proliferation assay etc.",up-regulated,27353770.0,6.0
538,SPINT1-AS1,Colorectal Cancer,"qPCR, Dual luciferase reporter assay",up-regulated,30022840.0,3.0
539,SPRY4-IT1,Colorectal Cancer,qPCR etc.,up-regulated,28099409.0,1.0
540,SPRY4-IT1,Colorectal Cancer,"qPCR, Western blot, Luciferase reporter assay etc.",up-regulated,28720069.0,1.0
541,SPRY4-IT1,Colorectal Cancer,"qPCR, RNAi, Western blot, Cell proliferation assay etc.",up-regulated,27391336.0,1.0
542,SPRY4-IT1,Colorectal Cancer,"qPCR, RNAi, Western blot, Cell proliferation assay etc.",up-regulated,27621655.0,1.0
543,ST3GAL6-AS1,Colorectal Cancer,"qPCR, Western blot, Luciferase reporter assay, in vitro knockdown, RIP, etc.",down-regulated,30613961.0,1.0
544,STARD13-AS,Colorectal Cancer,"qRT-PCR, Western blotting",down-regulated,31807011.0,1.0
545,SUMO1P3,Colorectal Cancer,"qPCR, RIP, Western blot",up-regulated,30799082.0,1.0
546,SUMO1P3,Colon Cancer,"qPCR, Western blot",up-regulated,29312498.0,1.0
547,"THOR",Colon Cancer,"qPCR, other",up-regulated,31452739.0,1.0
548,TINCR,Colorectal Cancer,qPCR,up-regulated,30853664.0,1.0
549,TINCR,Colorectal Cancer,"qPCR, Luciferase reporter assay, Western blot, RNA-seq",up-regulated,31540772.0,1.0
550,TINCR,Colorectal Cancer,"qPCR, Western blot, Luciferase reporter assay, etc.",down-regulated,30521471.0,1.0
551,TINCR,Colorectal Cancer,"qPCR, Western blot, RIP, Luciferase reporter assay, Luciferase reporter assay, Flow cytometry assay, Cell proliferation assay etc.",down-regulated,27009809.0,1.0
552,TMPO-AS1,Colorectal Cancer,qPCR etc,up-regulated,31768869.0,1.0
553,TP73-AS1,Colorectal Cancer,"RT-qPCR, Western blotting",up-regulated,31908524.0,5.0
554,TP73-AS1,Colorectal Cancer,"qPCR, Western blot, Luciferase reporter assay, RIP, etc.",down-regulated,30472379.0,5.0
555,TPT1-AS1,Colorectal Cancer,"Western blot, Luciferase reporter assay, RIP etc.",up-regulated,32248186.0,1.0
556,"TRERNA",Colorectal Cancer,qRT-PCR,up-regulated,31933996.0,1.0
557,TRPM2-AS,Colorectal Cancer,"RT-qPCR, Western blot, RIP",up-regulated,31887411.0,1.0
558,TTN-AS1,Colorectal Cancer,"RT-qPCR, Western blot analysis, Dual Luciferase Reporter Assay",up-regulated,31920341.0,2.0
559,TUG1,Colorectal Cancer,"qPCR, Western blot, Luciferase reporter assay, in vitro knockdown, RIP",up-regulated,29776371.0,8.0
560,TUG1,Colorectal Cancer,qPCR,up-regulated,31528224.0,8.0
561,TUG1,Colon Cancer,"Dual luciferase reporter assay, Western blot analysis, RT-qPCR",up-regulated,31697952.0,8.0
562,TUG1,Colorectal Cancer,"qRT-PCR, Western blotting, in vitro knockdown etc.",up-regulated,31576172.0,8.0
563,TUG1,Colorectal Cancer,"qPCR, Western blot, other",up-regulated,30250601.0,8.0
564,TUG1,Colon Cancer,"qPCR, RNAi, Cell proliferation assay etc.",up-regulated,27634385.0,8.0
565,TUG1,Colorectal Cancer,"qPCR, Western blot, Luciferase reporter assay, Flow cytometry assay, MTT assay etc.",up-regulated,28302487.0,8.0
566,TUG1,Colorectal Cancer,"qPCR, RNAi, Western blot, Flow cytometry assay, Cell proliferation assay etc.",up-regulated,27421138.0,8.0
567,TUG1,Colorectal Cancer,"qPCR, Western blot etc.",up-regulated,26856330.0,8.0
568,TUG1,Colorectal Cancer,"qPCR, western blot, Luciferase reporter assay etc.",up-regulated,29776371.0,8.0
569,UCA1,Colorectal Cancer,"qRT-PCR, Western blot",down-regulated,32143722.0,1.0
570,UCA1,Colorectal Cancer,"qPCR, Western blot, in vitro knockdown",up-regulated,29948578.0,1.0
571,UCA1,Colorectal Cancer,"qPCR, Western blot, RIP",differential expression,31558855.0,1.0
572,UCA1,Colorectal Cancer,"Western blotting, Luciferase Reporter Assay, RIP, qRT-PCR",up-regulated,31955010.0,1.0
573,UCA1,colorectal cancer,"qRT-PCR , Western blot , in vitro knockdown etc.",,31579420.0,1.0
574,UCA1,Colorectal Cancer,"qPCR, Western blot, RNAi, other",up-regulated,30377411.0,1.0
575,UCA1,Colorectal Cancer,"qPCR, Western blot, other",down-regulated,30362538.0,1.0
576,UCA1,Colorectal Cancer,"qPCR, other",down-regulated,30195762.0,1.0
577,UCA1,Colon Cancer,"qPCR, Western blot, Luciferase reporter assay, RIP, etc.",up-regulated,30652355.0,1.0
578,UCA1,Colorectal Cancer,qPCR,up-regulated,31262449.0,1.0
579,UCA1,Colon Cancer,qPCR etc.,up-regulated,26885155.0,1.0
580,UCA1,Colon Cancer,"qPCR, Western blot, Northern blot, Flow cytometry assay etc.",up-regulated,17416635.0,1.0
581,UCA1,Colorectal Cancer,"qPCR, Western blot, RIP, Luciferase reporter assay etc.",up-regulated,27046651.0,1.0
582,UCA1,Colorectal Cancer,qPCR,up-regulated,28406230.0,1.0
583,UCA1,Colorectal Cancer,"Microarray, qPCR, RNAi, Luciferase reporter assay etc.",up-regulated,26238511.0,1.0
584,UCA1,Colorectal Cancer,qPCR etc.,up-regulated,24977734.0,1.0
585,UCA1,Colorectal Cancer,"qPCR, Western blot, RNAI, etc.",up-regulated,29948578.0,1.0
586,UXT-AS1,Colorectal Cancer,"qPCR, Western blot",up-regulated,28401004.0,1.0
587,VIM-AS1,Colorectal Cancer,"qPCR, Western blot, in vitro knockdown etc.",up-regulated,29656793.0,2.0
588,"WT1AS",Colon Cancer,"Microarray, qPCR, RNA pull-down assay etc.",down-regulated,27821766.0,5.0
589,XIRP2-AS1,Colon Cancer,"qPCR, Western blot, RNAi, RIP, Microarray, Luciferase reporter assays, other",down-regulated,31410022.0,1.0
590,XIST,Colorectal Cancer,"qRT-PCR, Western blot, RIP",up-regulated,32061057.0,1.0
591,XIST,Colorectal Cancer,"qPCR, Luciferase reporter assay, Western blot",up-regulated,30907503.0,1.0
592,XIST,Colorectal Cancer,"qPCR, Luciferase reporter assay, Western blot, other",up-regulated,30439718.0,1.0
593,XIST,Colorectal Cancer,"qPCR, other",up-regulated,31452526.0,1.0
594,XIST,Colorectal Cancer,"qPCR, Western blot, Luciferase reporter assay, in vitro knockdown, RIP, etc.",up-regulated,30678736.0,1.0
595,XIST,Colorectal Cancer,"qPCR, Western blot, Luciferase reporter assay, etc.",up-regulated,30656681.0,1.0
596,XIST,Colon Cancer,"qPCR, Western blot, Luciferase reporter assay etc.",up-regulated,29679755.0,1.0
597,XIST,Colorectal Cancer,"qRT-PCR, Western blot, Luciferase reporter assay, in vitro knockdown",up-regulated,29495975.0,1.0
598,XIST,Colorectal Cancer,"qPCR, Western blot",up-regulated,29137332.0,1.0
599,XIST,Colorectal Cancer,"Microarray, FISH etc.",differential expression,17143621.0,1.0
600,XIST,Colorectal Cancer,"qPCR, Western blot etc.",up-regulated,28730777.0,1.0
601,XIST,Colorectal Cancer,"Microarray, qPCR etc.",down-regulated,29484395.0,1.0
602,XIST,Colorectal Cancer,"qPCR, Western blot",down-regulated,28837144.0,1.0
603,"XLOC_000303",Colorectal Cancer,"Microarray, qPCR etc.",up-regulated,26328256.0,7.0
604,"XLOC_006844",Colorectal Cancer,"Microarray, qPCR etc.",up-regulated,26328256.0,1.0
605,"XLOC_010588",Colorectal Cancer,"qPCR, Western blot, in vitro knockdown etc.",up-regulated,29436686.0,1.0
606,YWHAE,Colorectal Cancer,"qPCR, Western blot, Luciferase reporter assay",up-regulated,31238337.0,1.0
607,ZDHHC8P1,Colorectal Cancer,qPCR,up-regulated,30840269.0,1.0
608,ZEB1-AS1,Colorectal Cancer,"qPCR, Western blot, Luciferase reporter assay, in vitro knockdown, RIP",up-regulated,29886791.0,6.0
609,ZEB1-AS1,Colorectal Cancer,"qPCR, Western blot, Luciferase reporter assay etc",up-regulated,32190742.0,6.0
610,ZEB1-AS1,Colorectal Cancer,"qRT-PCR, Western blot, Luciferase reporter assay, in vitro knockdown",up-regulated,29511455.0,6.0
611,ZEB1-AS1,Colorectal Cancer,"qPCR, Western blot etc.",up-regulated,28618933.0,6.0
612,ZEB1-AS1,Colorectal Cancer,"Flow cytometry assay, qPCR, Western blot, etc.",up-regulated,29886791.0,6.0
613,ZEB2-AS1,Colorectal Cancer,"qRT-PCR, Western blot",up-regulated,31755734.0,1.0
614,ZEB2-AS1,Colorectal Cancer,"qPCR, Luciferase reporter assay etc",up-regulated,32277632.0,1.0
615,ZEB2-AS1,Colon Cancer,"qRT-PCR, Western blot",up-regulated,31698657.0,1.0
616,ZFAS1,Colorectal Cancer,"qPCR, Western blot, Luciferase reporter assay, RIP, RNAi, other",up-regulated,30250022.0,5.0
617,ZFAS1,Colorectal Cancer,"qPCR, Luciferase reporter assay, in vitro knockdown",up-regulated,31295229.0,5.0
618,ZFAS1,Colon Cancer,"qPCR, Western blot, Flow cytometry assay, Cell proliferation assay etc.",up-regulated,27862275.0,5.0
619,ZFAS1,Colorectal Cancer,"qPCR, Luciferase reporter assay",up-regulated,29179614.0,5.0
620,ZFAS1,Colorectal Cancer,qPCR,up-regulated,28406230.0,5.0
621,ZFAS1,Colorectal Cancer,"qPCR, RNAi, Cell migration and invasion assay etc.",up-regulated,27461828.0,5.0
622,ZFAS1,Colorectal Cancer,"qPCR, RNAi, Western blot, Northern blot, RIP, RNA pull-down assay etc.",up-regulated,26506418.0,5.0
